timestamp,version
2024-06-06T06:20:00+00:00,3.14
2024-06-06T17:27:00+00:00,3.12
2024-06-07T05:54:00+00:00,3.13
2024-06-07T18:38:00+00:00,3.14
2024-06-08T08:13:00+00:00,3.12
2024-06-08T20:54:00+00:00,3.13
2024-06-09T09:50:00+00:00,3.14
2024-06-09T23:48:00+00:00,3.12
2024-06-10T13:20:00+00:00,3.13
2024-06-10T23:34:00+00:00,3.14
2024-06-11T23:56:00+00:00,3.14
2024-06-12T10:15:00+00:00,3.12
2024-06-12T22:51:00+00:00,3.13
2024-06-13T13:08:00+00:00,3.14
2024-06-14T01:59:00+00:00,3.12
2024-06-14T15:14:00+00:00,3.13
2024-06-15T04:10:00+00:00,3.14
2024-06-15T17:10:00+00:00,3.12
2024-06-16T07:19:00+00:00,3.13
2024-06-16T21:16:00+00:00,3.14
2024-06-17T10:30:00+00:00,3.12
2024-06-18T01:58:00+00:00,3.13
2024-06-18T17:50:00+00:00,3.14
2024-06-19T07:33:00+00:00,3.12
2024-06-19T22:11:00+00:00,3.13
2024-06-20T12:28:00+00:00,3.14
2024-06-21T02:20:00+00:00,3.12
2024-06-21T16:26:00+00:00,3.13
2024-06-22T06:32:00+00:00,3.14
2024-06-22T19:17:00+00:00,3.12
2024-06-23T08:08:00+00:00,3.13
2024-06-23T19:41:00+00:00,3.14
2024-06-24T09:21:00+00:00,3.12
2024-06-25T00:25:00+00:00,3.13
2024-06-25T14:45:00+00:00,3.14
2024-06-26T05:22:00+00:00,3.12
2024-06-26T20:08:00+00:00,3.13
2024-06-27T10:37:00+00:00,3.14
2024-06-28T01:27:00+00:00,3.12
2024-06-28T16:30:00+00:00,3.13
2024-06-29T06:08:00+00:00,3.14
2024-06-29T18:18:00+00:00,3.12
2024-06-30T09:11:00+00:00,3.13
2024-07-01T01:17:00+00:00,3.14
2024-07-01T17:18:00+00:00,3.12
2024-07-02T09:00:00+00:00,3.13
2024-07-03T00:51:00+00:00,3.14
2024-07-03T15:40:00+00:00,3.12
2024-07-04T07:04:00+00:00,3.13
2024-07-04T22:24:00+00:00,3.14
2024-07-05T12:55:00+00:00,3.12
2024-07-06T03:29:00+00:00,3.13
2024-07-06T17:20:00+00:00,3.14
2024-07-07T07:53:00+00:00,3.12
2024-07-07T23:05:00+00:00,3.13
2024-07-08T14:32:00+00:00,3.14
2024-07-09T06:23:00+00:00,3.12
2024-07-09T22:26:00+00:00,3.13
2024-07-10T14:04:00+00:00,3.14
2024-07-11T06:21:00+00:00,3.12
2024-07-11T23:31:00+00:00,3.13
2024-07-12T15:47:00+00:00,3.14
2024-07-13T07:27:00+00:00,3.12
2024-07-13T23:04:00+00:00,3.13
2024-07-14T13:46:00+00:00,3.14
2024-07-15T01:37:00+00:00,3.12
2024-07-15T13:13:00+00:00,3.13
2024-07-16T00:28:00+00:00,3.14
2024-07-16T16:01:00+00:00,3.13
2024-07-17T03:11:00+00:00,3.14
2024-07-17T14:11:00+00:00,3.12
2024-07-18T01:46:00+00:00,3.13
2024-07-18T13:19:00+00:00,3.14
2024-07-18T23:54:00+00:00,3.12
2024-07-19T11:09:00+00:00,3.13
2024-07-19T22:57:00+00:00,3.14
2024-07-20T10:09:00+00:00,3.12
2024-07-20T21:11:00+00:00,3.13
2024-07-21T07:36:00+00:00,3.14
2024-07-21T19:01:00+00:00,3.12
2024-07-22T06:05:00+00:00,3.13
2024-07-22T17:34:00+00:00,3.14
2024-07-23T05:40:00+00:00,3.12
2024-07-23T17:26:00+00:00,3.13
2024-07-24T05:21:00+00:00,3.14
2024-07-24T16:43:00+00:00,3.12
2024-07-25T04:28:00+00:00,3.13
2024-07-25T16:15:00+00:00,3.14
2024-07-26T04:11:00+00:00,3.12
2024-07-26T16:16:00+00:00,3.13
2024-07-27T04:17:00+00:00,3.14
2024-07-27T14:54:00+00:00,3.12
2024-07-28T01:33:00+00:00,3.13
2024-07-28T11:55:00+00:00,3.14
2024-07-28T23:21:00+00:00,3.12
2024-07-29T10:41:00+00:00,3.13
2024-07-29T22:30:00+00:00,3.14
2024-07-30T12:28:00+00:00,3.13
2024-07-31T00:29:00+00:00,3.14
2024-07-31T11:04:00+00:00,3.12
2024-07-31T22:49:00+00:00,3.13
2024-08-01T09:33:00+00:00,3.14
2024-08-01T20:36:00+00:00,3.13
2024-08-02T06:54:00+00:00,3.14
2024-08-02T21:34:00+00:00,3.14
2024-08-03T09:06:00+00:00,3.13
2024-08-03T19:16:00+00:00,3.14
2024-08-04T05:44:00+00:00,3.13
2024-08-04T15:21:00+00:00,3.14
2024-08-05T02:19:00+00:00,3.13
2024-08-05T13:35:00+00:00,3.14
2024-08-06T02:27:00+00:00,3.13
2024-08-06T12:57:00+00:00,3.14
2024-08-07T00:38:00+00:00,3.13
2024-08-07T11:19:00+00:00,3.14
2024-08-07T22:18:00+00:00,3.13
2024-08-08T08:27:00+00:00,3.14
2024-08-08T19:08:00+00:00,3.13
2024-08-09T06:34:00+00:00,3.14
2024-08-09T19:35:00+00:00,3.13
2024-08-10T07:53:00+00:00,3.13
2024-08-10T16:29:00+00:00,3.14
2024-08-11T07:57:00+00:00,3.12
2024-08-11T15:49:00+00:00,3.13
2024-08-11T23:59:00+00:00,3.14
2024-08-12T08:06:00+00:00,3.12
2024-08-12T15:51:00+00:00,3.13
2024-08-12T23:57:00+00:00,3.14
2024-08-13T07:58:00+00:00,3.12
2024-08-13T17:44:00+00:00,3.13
2024-08-14T08:08:00+00:00,3.14
2024-08-14T23:32:00+00:00,3.13
2024-08-15T14:27:00+00:00,3.14
2024-08-16T06:09:00+00:00,3.12
2024-08-16T21:36:00+00:00,3.13
2024-08-17T12:55:00+00:00,3.14
2024-08-18T04:12:00+00:00,3.12
2024-08-18T20:45:00+00:00,3.13
2024-08-19T14:07:00+00:00,3.14
2024-08-25T03:12:00+00:00,3.14
2024-08-25T18:08:00+00:00,3.12
2024-08-26T06:51:00+00:00,3.14
2024-08-26T19:36:00+00:00,3.13
2024-08-27T12:53:00+00:00,3.14
2024-08-28T00:28:00+00:00,3.13
2024-08-28T12:39:00+00:00,3.12
2024-08-29T03:44:00+00:00,3.14
2024-08-29T16:59:00+00:00,3.13
2024-08-30T06:28:00+00:00,3.12
2024-08-30T22:30:00+00:00,3.14
2024-08-31T12:13:00+00:00,3.13
2024-09-01T07:01:00+00:00,3.14
2024-09-01T20:05:00+00:00,3.13
2024-09-02T08:59:00+00:00,3.12
2024-09-02T23:20:00+00:00,3.14
2024-09-03T12:25:00+00:00,3.13
2024-09-04T01:41:00+00:00,3.12
2024-09-04T15:58:00+00:00,3.14
2024-09-05T05:59:00+00:00,3.13
2024-09-05T19:45:00+00:00,3.12
2024-09-06T10:25:00+00:00,3.14
2024-09-07T00:31:00+00:00,3.13
2024-09-07T13:49:00+00:00,3.12
2024-09-10T20:40:00+00:00,3.14
2024-09-11T10:52:00+00:00,3.13
2024-09-12T00:44:00+00:00,3.12
2024-09-12T16:24:00+00:00,3.14
2024-09-13T14:06:00+00:00,3.12
2024-09-14T01:14:00+00:00,3.14
2024-09-14T23:52:00+00:00,3.12
2024-09-15T10:31:00+00:00,3.14
2024-09-16T02:40:00+00:00,3.12
2024-09-17T01:49:00+00:00,3.12
2024-09-17T12:10:00+00:00,3.14
2024-09-18T00:00:00+00:00,3.12
2024-09-18T10:17:00+00:00,3.14
2024-09-19T00:35:00+00:00,3.12
2024-09-19T09:37:00+00:00,3.14
2024-09-20T04:04:00+00:00,3.14
2024-09-20T20:43:00+00:00,3.14
2024-09-21T08:05:00+00:00,3.12
2024-09-23T22:22:00+00:00,3.12
2024-09-23T23:07:00+00:00,3.14
2024-09-24T08:15:00+00:00,3.13
2024-09-24T17:43:00+00:00,3.12
2024-09-25T03:07:00+00:00,3.14
2024-09-25T12:07:00+00:00,3.13
2024-09-25T21:39:00+00:00,3.12
2024-09-26T07:07:00+00:00,3.14
2024-09-26T16:50:00+00:00,3.13
2024-09-27T02:25:00+00:00,3.12
2024-09-27T11:07:00+00:00,3.14
2024-09-27T19:53:00+00:00,3.13
2024-09-28T04:49:00+00:00,3.12
2024-09-28T14:07:00+00:00,3.14
2024-09-28T23:22:00+00:00,3.13
2024-09-29T05:19:00+00:00,3.12
2024-09-29T14:07:00+00:00,3.14
2024-09-30T00:30:00+00:00,3.12
2024-09-30T08:07:00+00:00,3.14
2024-09-30T17:17:00+00:00,3.14
2024-09-30T23:13:00+00:00,3.12
2024-10-01T02:27:00+00:00,3.13
2024-10-01T08:16:00+00:00,3.14
2024-10-01T12:14:00+00:00,3.12
2024-10-01T15:16:00+00:00,3.14
2024-10-01T21:16:00+00:00,3.14
2024-10-02T05:16:00+00:00,3.12
2024-10-02T20:16:00+00:00,3.14
2024-10-03T00:34:00+00:00,3.13
2024-10-03T03:21:00+00:00,3.12
2024-10-03T07:16:00+00:00,3.14
2024-10-03T11:50:00+00:00,3.12
2024-10-03T15:16:00+00:00,3.14
2024-10-03T18:57:00+00:00,3.13
2024-10-03T23:16:00+00:00,3.14
2024-10-04T10:16:00+00:00,3.14
2024-10-04T14:16:00+00:00,3.14
2024-10-04T17:37:00+00:00,3.12
2024-10-04T21:16:00+00:00,3.14
2024-10-05T00:47:00+00:00,3.13
2024-10-05T05:16:00+00:00,3.14
2024-10-06T14:16:00+00:00,3.14
2024-10-06T17:20:00+00:00,3.13
2024-10-06T20:17:00+00:00,3.12
2024-10-06T23:16:00+00:00,3.14
2024-10-07T02:11:00+00:00,3.13
2024-10-07T04:58:00+00:00,3.12
2024-10-07T08:16:00+00:00,3.14
2024-10-07T11:57:00+00:00,3.13
2024-10-07T15:41:00+00:00,3.12
2024-10-07T16:09:00+00:00,3.13
2024-10-07T17:16:00+00:00,3.14
2024-10-07T20:20:00+00:00,3.13
2024-10-07T23:19:00+00:00,3.12
2024-10-08T02:16:00+00:00,3.14
2024-10-08T05:21:00+00:00,3.13
2024-10-08T08:44:00+00:00,3.12
2024-10-08T12:16:00+00:00,3.14
2024-10-08T15:58:00+00:00,3.13
2024-10-08T19:40:00+00:00,3.12
2024-10-08T23:16:00+00:00,3.14
2024-10-09T02:53:00+00:00,3.13
2024-10-09T05:52:00+00:00,3.12
2024-10-09T10:16:00+00:00,3.14
2024-10-09T14:06:00+00:00,3.13
2024-10-09T17:45:00+00:00,3.12
2024-10-09T22:16:00+00:00,3.14
2024-10-10T02:04:00+00:00,3.13
2024-10-10T05:28:00+00:00,3.12
2024-10-10T08:16:00+00:00,3.14
2024-10-10T12:00:00+00:00,3.13
2024-10-10T15:55:00+00:00,3.12
2024-10-10T20:16:00+00:00,3.14
2024-10-10T21:34:00+00:00,3.13
2024-10-10T22:52:00+00:00,3.12
2024-10-10T23:31:00+00:00,3.12
2024-10-10T23:27:00+00:00,3.13
2024-10-11T00:17:00+00:00,3.14
2024-10-11T02:46:00+00:00,3.14
2024-10-11T04:42:00+00:00,3.14
2024-10-11T05:36:00+00:00,3.13
2024-10-11T06:52:00+00:00,3.12
2024-10-11T06:49:00+00:00,3.13
2024-10-11T06:47:00+00:00,3.14
2024-10-11T08:53:00+00:00,3.12
2024-10-11T08:49:00+00:00,3.13
2024-10-11T08:47:00+00:00,3.14
2024-10-11T09:22:00+00:00,3.12
2024-10-11T09:46:00+00:00,3.13
2024-10-11T09:17:00+00:00,3.14
2024-10-11T10:20:00+00:00,3.12
2024-10-11T10:17:00+00:00,3.13
2024-10-11T14:47:00+00:00,3.14
2024-10-11T19:48:00+00:00,3.14
2024-10-11T20:22:00+00:00,3.13
2024-10-11T20:18:00+00:00,3.14
2024-10-11T22:50:00+00:00,3.12
2024-10-11T22:47:00+00:00,3.13
2024-10-11T23:52:00+00:00,3.12
2024-10-11T23:50:00+00:00,3.13
2024-10-11T23:47:00+00:00,3.14
2024-10-12T00:52:00+00:00,3.12
2024-10-12T00:49:00+00:00,3.13
2024-10-12T00:47:00+00:00,3.14
2024-10-12T03:20:00+00:00,3.12
2024-10-12T03:17:00+00:00,3.13
2024-10-12T04:42:00+00:00,3.14
2024-10-12T05:41:00+00:00,3.13
2024-10-12T06:44:00+00:00,3.12
2024-10-12T10:16:00+00:00,3.14
2024-10-12T12:16:00+00:00,3.14
2024-10-12T13:22:00+00:00,3.12
2024-10-12T13:19:00+00:00,3.13
2024-10-12T13:16:00+00:00,3.14
2024-10-12T17:47:00+00:00,3.14
2024-10-12T18:22:00+00:00,3.12
2024-10-12T18:19:00+00:00,3.13
2024-10-12T18:16:00+00:00,3.14
2024-10-12T20:52:00+00:00,3.12
2024-10-12T20:49:00+00:00,3.13
2024-10-12T20:46:00+00:00,3.14
2024-10-12T21:16:00+00:00,3.14
2024-10-13T01:19:00+00:00,3.13
2024-10-13T01:16:00+00:00,3.14
2024-10-13T04:42:00+00:00,3.14
2024-10-13T05:42:00+00:00,3.13
2024-10-13T07:01:00+00:00,3.12
2024-10-13T11:24:00+00:00,3.12
2024-10-13T11:20:00+00:00,3.13
2024-10-13T11:17:00+00:00,3.14
2024-10-13T15:47:00+00:00,3.14
2024-10-13T17:55:00+00:00,3.12
2024-10-13T17:51:00+00:00,3.13
2024-10-13T17:47:00+00:00,3.14
2024-10-13T18:25:00+00:00,3.12
2024-10-13T18:20:00+00:00,3.13
2024-10-13T18:17:00+00:00,3.14
2024-10-13T20:47:00+00:00,3.14
2024-10-14T04:47:00+00:00,3.14
2024-10-14T05:20:00+00:00,3.12
2024-10-14T05:43:00+00:00,3.13
2024-10-14T06:48:00+00:00,3.12
2024-10-14T06:47:00+00:00,3.14
2024-10-14T07:21:00+00:00,3.12
2024-10-14T07:17:00+00:00,3.13
2024-10-14T08:46:00+00:00,3.14
2024-10-14T13:47:00+00:00,3.14
2024-10-14T14:16:00+00:00,3.14
2024-10-14T15:52:00+00:00,3.12
2024-10-14T15:49:00+00:00,3.13
2024-10-14T15:46:00+00:00,3.14
2024-10-14T16:17:00+00:00,3.13
2024-10-14T17:47:00+00:00,3.13
2024-10-14T18:20:00+00:00,3.13
2024-10-14T18:17:00+00:00,3.14
2024-10-14T19:46:00+00:00,3.14
2024-10-14T21:16:00+00:00,3.12
2024-10-14T22:22:00+00:00,3.12
2024-10-14T22:19:00+00:00,3.13
2024-10-14T22:46:00+00:00,3.14
2024-10-15T00:16:00+00:00,3.14
2024-10-15T04:42:00+00:00,3.14
2024-10-15T05:41:00+00:00,3.13
2024-10-15T06:59:00+00:00,3.12
2024-10-15T07:54:00+00:00,3.12
2024-10-15T07:51:00+00:00,3.13
2024-10-15T07:47:00+00:00,3.14
2024-10-15T09:50:00+00:00,3.13
2024-10-15T09:47:00+00:00,3.14
2024-10-15T11:50:00+00:00,3.13
2024-10-15T11:47:00+00:00,3.14
2024-10-15T13:18:00+00:00,3.14
2024-10-15T14:48:00+00:00,3.14
2024-10-15T15:55:00+00:00,3.12
2024-10-15T15:50:00+00:00,3.13
2024-10-15T15:47:00+00:00,3.14
2024-10-15T16:53:00+00:00,3.12
2024-10-15T16:50:00+00:00,3.13
2024-10-15T16:47:00+00:00,3.14
2024-10-15T17:48:00+00:00,3.13
2024-10-15T19:47:00+00:00,3.14
2024-10-15T20:22:00+00:00,3.13
2024-10-15T20:17:00+00:00,3.14
2024-10-15T21:17:00+00:00,3.13
2024-10-15T22:47:00+00:00,3.14
2024-10-16T04:43:00+00:00,3.14
2024-10-16T05:50:00+00:00,3.13
2024-10-16T06:52:00+00:00,3.12
2024-10-16T11:47:00+00:00,3.13
2024-10-16T12:46:00+00:00,3.12
2024-10-16T12:16:00+00:00,3.14
2024-10-16T13:16:00+00:00,3.14
2024-10-16T15:16:00+00:00,3.13
2024-10-16T15:46:00+00:00,3.14
2024-10-16T18:20:00+00:00,3.12
2024-10-16T18:17:00+00:00,3.13
2024-10-16T21:19:00+00:00,3.13
2024-10-16T21:16:00+00:00,3.14
2024-10-16T22:49:00+00:00,3.12
2024-10-16T22:46:00+00:00,3.13
2024-10-16T22:16:00+00:00,3.14
2024-10-16T23:16:00+00:00,3.14
2024-10-17T04:47:00+00:00,3.12
2024-10-17T04:43:00+00:00,3.14
2024-10-17T05:46:00+00:00,3.13
2024-10-17T07:16:00+00:00,3.12
2024-10-17T07:17:00+00:00,3.14
2024-10-17T09:17:00+00:00,3.14
2024-10-17T11:47:00+00:00,3.14
2024-10-17T12:50:00+00:00,3.12
2024-10-17T12:47:00+00:00,3.13
2024-10-17T15:47:00+00:00,3.14
2024-10-17T16:47:00+00:00,3.14
2024-10-17T17:20:00+00:00,3.12
2024-10-17T17:17:00+00:00,3.13
2024-10-17T18:17:00+00:00,3.14
2024-10-17T20:20:00+00:00,3.12
2024-10-17T20:17:00+00:00,3.13
2024-10-18T00:47:00+00:00,3.14
2024-10-18T04:43:00+00:00,3.14
2024-10-18T05:47:00+00:00,3.13
2024-10-18T06:56:00+00:00,3.12
2024-10-18T12:46:00+00:00,3.14
2024-10-18T16:17:00+00:00,3.14
2024-10-19T04:51:00+00:00,3.12
2024-10-19T04:47:00+00:00,3.13
2024-10-19T04:42:00+00:00,3.14
2024-10-19T05:44:00+00:00,3.13
2024-10-19T07:10:00+00:00,3.12
2024-10-19T08:47:00+00:00,3.14
2024-10-19T17:47:00+00:00,3.14
2024-10-19T18:18:00+00:00,3.13
2024-10-19T21:48:00+00:00,3.14
2024-10-19T22:21:00+00:00,3.13
2024-10-19T22:17:00+00:00,3.14
2024-10-20T01:21:00+00:00,3.13
2024-10-20T01:17:00+00:00,3.14
2024-10-20T04:42:00+00:00,3.14
2024-10-20T05:46:00+00:00,3.13
2024-10-20T07:46:00+00:00,3.13
2024-10-21T00:51:00+00:00,3.12
2024-10-21T00:49:00+00:00,3.13
2024-10-21T00:46:00+00:00,3.14
2024-10-21T04:42:00+00:00,3.14
2024-10-21T05:46:00+00:00,3.13
2024-10-21T07:14:00+00:00,3.12
2024-10-21T07:17:00+00:00,3.14
2024-10-21T08:53:00+00:00,3.12
2024-10-21T08:50:00+00:00,3.13
2024-10-21T08:47:00+00:00,3.14
2024-10-21T09:50:00+00:00,3.13
2024-10-21T09:47:00+00:00,3.14
2024-10-21T12:47:00+00:00,3.14
2024-10-21T13:20:00+00:00,3.12
2024-10-21T13:48:00+00:00,3.13
2024-10-21T15:47:00+00:00,3.14
2024-10-21T16:47:00+00:00,3.14
2024-10-21T17:23:00+00:00,3.12
2024-10-21T17:20:00+00:00,3.13
2024-10-21T17:17:00+00:00,3.14
2024-10-21T18:47:00+00:00,3.14
2024-10-21T19:50:00+00:00,3.12
2024-10-21T19:47:00+00:00,3.13
2024-10-21T19:17:00+00:00,3.14
2024-10-21T21:17:00+00:00,3.14
2024-10-22T02:46:00+00:00,3.12
2024-10-22T04:43:00+00:00,3.14
2024-10-22T05:59:00+00:00,3.13
2024-10-22T07:04:00+00:00,3.12
2024-10-22T11:16:00+00:00,3.14
2024-10-22T13:47:00+00:00,3.12
2024-10-22T13:20:00+00:00,3.13
2024-10-22T13:17:00+00:00,3.14
2024-10-22T16:19:00+00:00,3.13
2024-10-22T16:17:00+00:00,3.14
2024-10-22T18:47:00+00:00,3.13
2024-10-22T18:17:00+00:00,3.14
2024-10-22T20:47:00+00:00,3.14
2024-10-23T04:47:00+00:00,3.14
2024-10-23T05:46:00+00:00,3.13
2024-10-23T07:20:00+00:00,3.12
2024-10-23T08:19:00+00:00,3.14
2024-10-23T13:47:00+00:00,3.13
2024-10-23T16:47:00+00:00,3.13
2024-10-23T16:17:00+00:00,3.14
2024-10-23T19:52:00+00:00,3.12
2024-10-23T19:48:00+00:00,3.13
2024-10-23T20:47:00+00:00,3.14
2024-10-23T22:52:00+00:00,3.12
2024-10-23T22:47:00+00:00,3.13
2024-10-23T22:17:00+00:00,3.14
2024-10-23T23:47:00+00:00,3.14
2024-10-24T04:43:00+00:00,3.14
2024-10-24T06:05:00+00:00,3.13
2024-10-24T07:36:00+00:00,3.12
2024-10-24T11:17:00+00:00,3.14
2024-10-24T13:47:00+00:00,3.14
2024-10-24T14:16:00+00:00,3.13
2024-10-24T16:53:00+00:00,3.12
2024-10-24T16:49:00+00:00,3.13
2024-10-24T16:46:00+00:00,3.14
2024-10-24T17:46:00+00:00,3.14
2024-10-24T18:17:00+00:00,3.13
2024-10-24T19:47:00+00:00,3.13
2024-10-24T19:17:00+00:00,3.14
2024-10-24T21:22:00+00:00,3.12
2024-10-24T21:19:00+00:00,3.13
2024-10-24T21:16:00+00:00,3.14
2024-10-24T22:46:00+00:00,3.13
2024-10-24T22:17:00+00:00,3.14
2024-10-25T00:16:00+00:00,3.14
2024-10-25T01:17:00+00:00,3.13
2024-10-25T00:46:00+00:00,3.14
2024-10-25T03:47:00+00:00,3.13
2024-10-25T04:42:00+00:00,3.14
2024-10-25T05:45:00+00:00,3.13
2024-10-25T07:13:00+00:00,3.12
2024-10-25T08:47:00+00:00,3.14
2024-10-25T09:17:00+00:00,3.14
2024-10-25T13:53:00+00:00,3.13
2024-10-25T13:48:00+00:00,3.14
2024-10-25T14:17:00+00:00,3.12
2024-10-25T14:47:00+00:00,3.13
2024-10-25T18:51:00+00:00,3.12
2024-10-25T18:47:00+00:00,3.13
2024-10-25T18:17:00+00:00,3.14
2024-10-25T23:17:00+00:00,3.12
2024-10-26T04:43:00+00:00,3.14
2024-10-26T05:53:00+00:00,3.13
2024-10-26T07:01:00+00:00,3.12
2024-10-26T15:50:00+00:00,3.13
2024-10-26T15:47:00+00:00,3.14
2024-10-26T16:50:00+00:00,3.12
2024-10-26T16:47:00+00:00,3.13
2024-10-26T16:17:00+00:00,3.14
2024-10-26T18:50:00+00:00,3.12
2024-10-26T18:47:00+00:00,3.13
2024-10-27T01:49:00+00:00,3.13
2024-10-27T01:47:00+00:00,3.14
2024-10-27T04:43:00+00:00,3.14
2024-10-27T05:48:00+00:00,3.13
2024-10-27T05:17:00+00:00,3.14
2024-10-27T07:16:00+00:00,3.12
2024-10-27T10:47:00+00:00,3.14
2024-10-27T14:47:00+00:00,3.14
2024-10-27T15:50:00+00:00,3.12
2024-10-27T15:47:00+00:00,3.13
2024-10-27T15:17:00+00:00,3.14
2024-10-27T17:54:00+00:00,3.12
2024-10-27T17:48:00+00:00,3.13
2024-10-27T17:18:00+00:00,3.14
2024-10-27T18:47:00+00:00,3.13
2024-10-27T19:17:00+00:00,3.12
2024-10-28T04:43:00+00:00,3.14
2024-10-28T06:12:00+00:00,3.13
2024-10-28T07:23:00+00:00,3.12
2024-10-28T13:50:00+00:00,3.12
2024-10-28T13:47:00+00:00,3.13
2024-10-28T14:46:00+00:00,3.12
2024-10-28T21:16:00+00:00,3.14
2024-10-28T22:22:00+00:00,3.12
2024-10-28T22:19:00+00:00,3.13
2024-10-28T22:17:00+00:00,3.14
2024-10-29T04:42:00+00:00,3.14
2024-10-29T05:50:00+00:00,3.13
2024-10-29T06:48:00+00:00,3.14
2024-10-29T07:28:00+00:00,3.12
2024-10-29T09:51:00+00:00,3.12
2024-10-29T09:47:00+00:00,3.13
2024-10-29T09:17:00+00:00,3.14
2024-10-29T11:18:00+00:00,3.14
2024-10-29T14:47:00+00:00,3.14
2024-10-29T15:47:00+00:00,3.14
2024-10-29T16:17:00+00:00,3.13
2024-10-29T17:47:00+00:00,3.14
2024-10-29T18:48:00+00:00,3.12
2024-10-29T19:50:00+00:00,3.12
2024-10-29T19:47:00+00:00,3.13
2024-10-29T20:47:00+00:00,3.13
2024-10-29T20:17:00+00:00,3.14
2024-10-29T21:47:00+00:00,3.14
2024-10-29T23:55:00+00:00,3.12
2024-10-29T23:51:00+00:00,3.13
2024-10-30T00:18:00+00:00,3.14
2024-10-30T01:18:00+00:00,3.12
2024-10-30T00:50:00+00:00,3.13
2024-10-30T00:47:00+00:00,3.14
2024-10-30T04:43:00+00:00,3.14
2024-10-30T06:47:00+00:00,3.12
2024-10-30T06:14:00+00:00,3.13
2024-10-30T07:46:00+00:00,3.12
2024-10-30T08:51:00+00:00,3.12
2024-10-30T08:47:00+00:00,3.13
2024-10-30T09:20:00+00:00,3.12
2024-10-30T09:47:00+00:00,3.13
2024-10-30T09:17:00+00:00,3.14
2024-10-30T14:17:00+00:00,3.14
2024-10-30T16:17:00+00:00,3.14
2024-10-30T17:53:00+00:00,3.12
2024-10-30T17:50:00+00:00,3.13
2024-10-30T17:47:00+00:00,3.14
2024-10-30T18:23:00+00:00,3.12
2024-10-30T18:20:00+00:00,3.13
2024-10-30T18:47:00+00:00,3.14
2024-10-30T19:17:00+00:00,3.14
2024-10-30T20:53:00+00:00,3.12
2024-10-30T20:50:00+00:00,3.13
2024-10-30T20:47:00+00:00,3.14
2024-10-30T22:17:00+00:00,3.14
2024-10-31T00:17:00+00:00,3.12
2024-10-30T23:16:00+00:00,3.14
2024-10-31T01:51:00+00:00,3.12
2024-10-31T01:47:00+00:00,3.13
2024-10-31T01:17:00+00:00,3.14
2024-10-31T04:43:00+00:00,3.14
2024-10-31T05:52:00+00:00,3.13
2024-10-31T07:32:00+00:00,3.12
2024-10-31T08:29:00+00:00,3.12
2024-10-31T08:22:00+00:00,3.13
2024-10-31T08:17:00+00:00,3.14
2024-10-31T10:47:00+00:00,3.14
2024-10-31T14:17:00+00:00,3.14
2024-10-31T15:18:00+00:00,3.13
2024-10-31T17:25:00+00:00,3.12
2024-10-31T17:21:00+00:00,3.13
2024-10-31T17:17:00+00:00,3.14
2024-10-31T18:17:00+00:00,3.12
2024-10-31T19:52:00+00:00,3.12
2024-10-31T19:47:00+00:00,3.13
2024-10-31T19:18:00+00:00,3.14
2024-10-31T21:47:00+00:00,3.14
2024-10-31T22:17:00+00:00,3.13
2024-11-01T01:48:00+00:00,3.14
2024-11-01T04:44:00+00:00,3.14
2024-11-01T06:13:00+00:00,3.13
2024-11-01T08:04:00+00:00,3.12
2024-11-01T07:58:00+00:00,3.13
2024-11-01T07:49:00+00:00,3.14
2024-11-01T08:47:00+00:00,3.14
2024-11-01T16:47:00+00:00,3.14
2024-11-01T19:53:00+00:00,3.12
2024-11-01T19:50:00+00:00,3.13
2024-11-01T19:47:00+00:00,3.14
2024-11-01T22:20:00+00:00,3.12
2024-11-01T22:47:00+00:00,3.13
2024-11-01T22:16:00+00:00,3.14
2024-11-01T23:19:00+00:00,3.12
2024-11-01T23:47:00+00:00,3.13
2024-11-02T04:43:00+00:00,3.14
2024-11-02T05:48:00+00:00,3.13
2024-11-02T05:17:00+00:00,3.14
2024-11-02T06:58:00+00:00,3.12
2024-11-02T07:47:00+00:00,3.14
2024-11-02T08:19:00+00:00,3.12
2024-11-02T08:17:00+00:00,3.13
2024-11-02T11:53:00+00:00,3.12
2024-11-02T11:50:00+00:00,3.13
2024-11-02T11:47:00+00:00,3.14
2024-11-02T17:17:00+00:00,3.14
2024-11-03T04:43:00+00:00,3.14
2024-11-03T05:51:00+00:00,3.12
2024-11-03T05:54:00+00:00,3.13
2024-11-03T05:47:00+00:00,3.14
2024-11-03T06:19:00+00:00,3.13
2024-11-03T07:35:00+00:00,3.12
2024-11-03T15:17:00+00:00,3.14
2024-11-03T21:54:00+00:00,3.12
2024-11-03T21:51:00+00:00,3.13
2024-11-03T21:47:00+00:00,3.14
2024-11-04T04:25:00+00:00,3.12
2024-11-04T04:21:00+00:00,3.13
2024-11-04T04:43:00+00:00,3.14
2024-11-04T06:16:00+00:00,3.13
2024-11-04T07:49:00+00:00,3.12
2024-11-04T08:56:00+00:00,3.12
2024-11-04T08:52:00+00:00,3.13
2024-11-04T08:47:00+00:00,3.14
2024-11-04T09:17:00+00:00,3.14
2024-11-04T14:17:00+00:00,3.14
2024-11-04T17:53:00+00:00,3.12
2024-11-04T17:50:00+00:00,3.13
2024-11-04T17:47:00+00:00,3.14
2024-11-04T19:47:00+00:00,3.14
2024-11-04T21:17:00+00:00,3.14
2024-11-05T03:20:00+00:00,3.13
2024-11-05T03:17:00+00:00,3.14
2024-11-05T04:42:00+00:00,3.14
2024-11-05T05:48:00+00:00,3.13
2024-11-05T07:00:00+00:00,3.12
2024-11-05T06:54:00+00:00,3.13
2024-11-05T06:47:00+00:00,3.14
2024-11-05T07:25:00+00:00,3.12
2024-11-05T07:47:00+00:00,3.14
2024-11-05T08:18:00+00:00,3.14
2024-11-05T10:27:00+00:00,3.12
2024-11-05T10:24:00+00:00,3.13
2024-11-05T10:18:00+00:00,3.14
2024-11-05T11:50:00+00:00,3.12
2024-11-05T11:47:00+00:00,3.13
2024-11-05T18:48:00+00:00,3.14
2024-11-05T20:48:00+00:00,3.14
2024-11-05T21:17:00+00:00,3.13
2024-11-05T22:51:00+00:00,3.12
2024-11-05T22:48:00+00:00,3.13
2024-11-06T00:24:00+00:00,3.12
2024-11-06T00:21:00+00:00,3.13
2024-11-06T00:17:00+00:00,3.14
2024-11-06T04:44:00+00:00,3.14
2024-11-06T06:05:00+00:00,3.13
2024-11-06T07:34:00+00:00,3.12
2024-11-06T07:17:00+00:00,3.14
2024-11-06T12:18:00+00:00,3.14
2024-11-06T13:47:00+00:00,3.13
2024-11-06T20:47:00+00:00,3.14
2024-11-06T21:20:00+00:00,3.12
2024-11-06T21:17:00+00:00,3.13
2024-11-06T22:53:00+00:00,3.12
2024-11-06T22:50:00+00:00,3.13
2024-11-06T22:47:00+00:00,3.14
2024-11-07T04:43:00+00:00,3.14
2024-11-07T05:50:00+00:00,3.13
2024-11-07T07:29:00+00:00,3.12
2024-11-07T07:47:00+00:00,3.13
2024-11-07T07:18:00+00:00,3.14
2024-11-07T08:18:00+00:00,3.14
2024-11-07T10:28:00+00:00,3.12
2024-11-07T10:22:00+00:00,3.13
2024-11-07T10:17:00+00:00,3.14
2024-11-07T11:17:00+00:00,3.14
2024-11-07T15:54:00+00:00,3.12
2024-11-07T15:51:00+00:00,3.13
2024-11-07T15:47:00+00:00,3.14
2024-11-07T21:47:00+00:00,3.14
2024-11-08T00:47:00+00:00,3.13
2024-11-08T04:43:00+00:00,3.14
2024-11-08T06:11:00+00:00,3.13
2024-11-08T07:47:00+00:00,3.12
2024-11-08T15:53:00+00:00,3.12
2024-11-08T15:50:00+00:00,3.13
2024-11-08T15:47:00+00:00,3.14
2024-11-08T16:47:00+00:00,3.13
2024-11-08T16:17:00+00:00,3.14
2024-11-08T17:50:00+00:00,3.12
2024-11-08T17:47:00+00:00,3.13
2024-11-08T17:17:00+00:00,3.14
2024-11-09T02:17:00+00:00,3.14
2024-11-09T04:43:00+00:00,3.14
2024-11-09T05:52:00+00:00,3.13
2024-11-09T07:27:00+00:00,3.12
2024-11-10T00:21:00+00:00,3.12
2024-11-10T00:17:00+00:00,3.13
2024-11-09T23:17:00+00:00,3.14
2024-11-10T01:23:00+00:00,3.12
2024-11-10T01:20:00+00:00,3.13
2024-11-10T01:17:00+00:00,3.14
2024-11-10T04:43:00+00:00,3.14
2024-11-10T06:17:00+00:00,3.13
2024-11-10T07:47:00+00:00,3.12
2024-11-10T15:20:00+00:00,3.12
2024-11-10T15:47:00+00:00,3.13
2024-11-10T15:17:00+00:00,3.14
2024-11-10T21:47:00+00:00,3.14
2024-11-10T22:17:00+00:00,3.13
2024-11-11T00:47:00+00:00,3.14
2024-11-11T03:19:00+00:00,3.12
2024-11-11T03:17:00+00:00,3.13
2024-11-11T04:42:00+00:00,3.14
2024-11-11T05:47:00+00:00,3.13
2024-11-11T07:00:00+00:00,3.12
2024-11-11T06:54:00+00:00,3.13
2024-11-11T06:48:00+00:00,3.14
2024-11-11T07:55:00+00:00,3.12
2024-11-11T07:52:00+00:00,3.13
2024-11-11T07:47:00+00:00,3.14
2024-11-11T11:48:00+00:00,3.14
2024-11-11T12:18:00+00:00,3.13
2024-11-11T16:51:00+00:00,3.12
2024-11-11T16:47:00+00:00,3.14
2024-11-11T17:24:00+00:00,3.12
2024-11-11T17:21:00+00:00,3.13
2024-11-11T17:17:00+00:00,3.14
2024-11-11T19:47:00+00:00,3.14
2024-11-11T21:17:00+00:00,3.14
2024-11-12T00:17:00+00:00,3.14
2024-11-12T01:47:00+00:00,3.14
2024-11-12T04:43:00+00:00,3.14
2024-11-12T05:59:00+00:00,3.13
2024-11-12T07:25:00+00:00,3.12
2024-11-12T07:17:00+00:00,3.14
2024-11-12T09:47:00+00:00,3.14
2024-11-12T12:50:00+00:00,3.12
2024-11-12T12:47:00+00:00,3.13
2024-11-12T12:17:00+00:00,3.14
2024-11-12T13:47:00+00:00,3.14
2024-11-12T14:22:00+00:00,3.12
2024-11-12T14:20:00+00:00,3.13
2024-11-12T14:17:00+00:00,3.14
2024-11-12T18:17:00+00:00,3.14
2024-11-12T19:17:00+00:00,3.14
2024-11-12T20:16:00+00:00,3.14
2024-11-12T21:46:00+00:00,3.14
2024-11-12T22:19:00+00:00,3.12
2024-11-12T22:17:00+00:00,3.13
2024-11-13T04:51:00+00:00,3.13
2024-11-13T04:47:00+00:00,3.14
2024-11-13T05:50:00+00:00,3.13
2024-11-13T07:24:00+00:00,3.12
2024-11-13T08:55:00+00:00,3.12
2024-11-13T08:51:00+00:00,3.13
2024-11-13T08:47:00+00:00,3.14
2024-11-13T09:51:00+00:00,3.12
2024-11-13T09:47:00+00:00,3.14
2024-11-13T12:18:00+00:00,3.14
2024-11-13T13:47:00+00:00,3.14
2024-11-13T18:54:00+00:00,3.12
2024-11-13T18:48:00+00:00,3.14
2024-11-13T19:17:00+00:00,3.13
2024-11-13T21:47:00+00:00,3.14
2024-11-13T22:17:00+00:00,3.13
2024-11-14T00:17:00+00:00,3.12
2024-11-13T23:47:00+00:00,3.13
2024-11-13T23:17:00+00:00,3.14
2024-11-14T04:48:00+00:00,3.13
2024-11-14T04:43:00+00:00,3.14
2024-11-14T05:26:00+00:00,3.12
2024-11-14T05:22:00+00:00,3.13
2024-11-14T05:18:00+00:00,3.14
2024-11-14T06:22:00+00:00,3.13
2024-11-14T07:50:00+00:00,3.12
2024-11-14T08:47:00+00:00,3.14
2024-11-14T10:19:00+00:00,3.12
2024-11-14T10:17:00+00:00,3.13
2024-11-14T14:16:00+00:00,3.14
2024-11-14T18:47:00+00:00,3.14
2024-11-14T20:47:00+00:00,3.14
2024-11-14T22:52:00+00:00,3.12
2024-11-14T22:49:00+00:00,3.13
2024-11-14T22:47:00+00:00,3.14
2024-11-15T00:20:00+00:00,3.12
2024-11-15T00:17:00+00:00,3.13
2024-11-15T04:42:00+00:00,3.14
2024-11-15T05:47:00+00:00,3.13
2024-11-15T07:16:00+00:00,3.12
2024-11-15T08:17:00+00:00,3.14
2024-11-15T10:47:00+00:00,3.14
2024-11-15T12:47:00+00:00,3.14
2024-11-15T13:23:00+00:00,3.12
2024-11-15T13:48:00+00:00,3.13
2024-11-15T13:17:00+00:00,3.14
2024-11-15T14:26:00+00:00,3.12
2024-11-15T14:23:00+00:00,3.13
2024-11-15T14:18:00+00:00,3.14
2024-11-15T16:17:00+00:00,3.14
2024-11-15T19:17:00+00:00,3.14
2024-11-15T21:17:00+00:00,3.14
2024-11-15T23:27:00+00:00,3.12
2024-11-15T23:23:00+00:00,3.13
2024-11-15T23:18:00+00:00,3.14
2024-11-16T01:47:00+00:00,3.14
2024-11-16T02:17:00+00:00,3.14
2024-11-16T04:43:00+00:00,3.14
2024-11-16T06:06:00+00:00,3.13
2024-11-16T07:20:00+00:00,3.12
2024-11-17T00:17:00+00:00,3.14
2024-11-17T00:49:00+00:00,3.12
2024-11-17T00:47:00+00:00,3.13
2024-11-17T02:16:00+00:00,3.14
2024-11-17T04:42:00+00:00,3.14
2024-11-17T05:46:00+00:00,3.13
2024-11-17T07:16:00+00:00,3.12
2024-11-17T18:17:00+00:00,3.13
2024-11-17T19:47:00+00:00,3.14
2024-11-17T20:21:00+00:00,3.12
2024-11-17T20:47:00+00:00,3.13
2024-11-17T23:47:00+00:00,3.14
2024-11-18T01:17:00+00:00,3.13
2024-11-18T04:43:00+00:00,3.14
2024-11-18T06:02:00+00:00,3.13
2024-11-18T07:12:00+00:00,3.12
2024-11-18T08:16:00+00:00,3.14
2024-11-18T10:17:00+00:00,3.14
2024-11-18T11:53:00+00:00,3.12
2024-11-18T11:50:00+00:00,3.13
2024-11-18T11:47:00+00:00,3.14
2024-11-18T12:20:00+00:00,3.12
2024-11-18T12:17:00+00:00,3.13
2024-11-18T13:17:00+00:00,3.14
2024-11-18T13:49:00+00:00,3.12
2024-11-18T13:47:00+00:00,3.13
2024-11-18T14:47:00+00:00,3.14
2024-11-18T15:47:00+00:00,3.14
2024-11-18T16:19:00+00:00,3.12
2024-11-18T16:17:00+00:00,3.13
2024-11-18T17:47:00+00:00,3.14
2024-11-18T18:17:00+00:00,3.14
2024-11-18T19:17:00+00:00,3.14
2024-11-19T04:43:00+00:00,3.14
2024-11-19T05:50:00+00:00,3.13
2024-11-19T07:28:00+00:00,3.12
2024-11-19T08:18:00+00:00,3.13
2024-11-19T09:48:00+00:00,3.14
2024-11-19T10:47:00+00:00,3.14
2024-11-19T14:47:00+00:00,3.14
2024-11-19T15:56:00+00:00,3.12
2024-11-19T15:51:00+00:00,3.13
2024-11-19T15:47:00+00:00,3.14
2024-11-19T17:52:00+00:00,3.13
2024-11-19T17:47:00+00:00,3.14
2024-11-19T19:48:00+00:00,3.14
2024-11-19T20:47:00+00:00,3.14
2024-11-19T21:48:00+00:00,3.14
2024-11-19T22:17:00+00:00,3.12
2024-11-20T04:44:00+00:00,3.14
2024-11-20T06:28:00+00:00,3.13
2024-11-20T07:56:00+00:00,3.12
2024-11-20T08:52:00+00:00,3.13
2024-11-20T08:47:00+00:00,3.14
2024-11-20T09:47:00+00:00,3.14
2024-11-20T11:17:00+00:00,3.14
2024-11-20T13:17:00+00:00,3.14
2024-11-20T16:47:00+00:00,3.14
2024-11-20T17:47:00+00:00,3.14
2024-11-20T19:17:00+00:00,3.14
2024-11-20T20:17:00+00:00,3.13
2024-11-21T04:43:00+00:00,3.14
2024-11-21T05:51:00+00:00,3.13
2024-11-21T09:47:00+00:00,3.14
2024-11-21T11:54:00+00:00,3.12
2024-11-21T11:51:00+00:00,3.13
2024-11-21T11:47:00+00:00,3.14
2024-11-21T14:47:00+00:00,3.14
2024-11-21T15:21:00+00:00,3.13
2024-11-21T15:17:00+00:00,3.14
2024-11-21T16:52:00+00:00,3.13
2024-11-21T16:47:00+00:00,3.14
2024-11-21T23:47:00+00:00,3.14
2024-11-22T00:47:00+00:00,3.14
2024-11-22T03:56:00+00:00,3.12
2024-11-22T03:51:00+00:00,3.13
2024-11-22T03:47:00+00:00,3.14
2024-11-22T04:54:00+00:00,3.12
2024-11-22T04:47:00+00:00,3.13
2024-11-22T04:43:00+00:00,3.14
2024-11-22T06:17:00+00:00,3.13
2024-11-22T07:58:00+00:00,3.12
2024-11-22T08:17:00+00:00,3.14
2024-11-22T13:20:00+00:00,3.12
2024-11-22T13:17:00+00:00,3.13
2024-11-22T14:20:00+00:00,3.12
2024-11-22T14:17:00+00:00,3.13
2024-11-22T14:47:00+00:00,3.14
2024-11-22T15:20:00+00:00,3.13
2024-11-22T15:47:00+00:00,3.14
2024-11-22T16:50:00+00:00,3.12
2024-11-22T16:20:00+00:00,3.13
2024-11-22T16:47:00+00:00,3.14
2024-11-22T17:17:00+00:00,3.13
2024-11-22T19:47:00+00:00,3.14
2024-11-22T20:21:00+00:00,3.12
2024-11-22T20:17:00+00:00,3.13
2024-11-23T00:20:00+00:00,3.13
2024-11-23T00:17:00+00:00,3.14
2024-11-23T03:47:00+00:00,3.14
2024-11-23T04:43:00+00:00,3.14
2024-11-23T05:53:00+00:00,3.13
2024-11-23T07:31:00+00:00,3.12
2024-11-23T10:47:00+00:00,3.14
2024-11-23T20:24:00+00:00,3.12
2024-11-23T20:20:00+00:00,3.13
2024-11-23T20:17:00+00:00,3.14
2024-11-24T03:17:00+00:00,3.13
2024-11-24T04:43:00+00:00,3.14
2024-11-24T06:13:00+00:00,3.13
2024-11-24T07:52:00+00:00,3.12
2024-11-24T07:47:00+00:00,3.14
2024-11-24T15:47:00+00:00,3.14
2024-11-24T16:47:00+00:00,3.14
2024-11-24T17:54:00+00:00,3.12
2024-11-24T17:50:00+00:00,3.13
2024-11-24T17:47:00+00:00,3.14
2024-11-24T18:17:00+00:00,3.12
2024-11-24T22:47:00+00:00,3.14
2024-11-25T04:42:00+00:00,3.14
2024-11-25T05:49:00+00:00,3.13
2024-11-25T05:47:00+00:00,3.14
2024-11-25T07:23:00+00:00,3.12
2024-11-25T09:20:00+00:00,3.12
2024-11-25T09:17:00+00:00,3.13
2024-11-25T13:17:00+00:00,3.14
2024-11-25T14:47:00+00:00,3.14
2024-11-25T17:47:00+00:00,3.14
2024-11-25T18:23:00+00:00,3.12
2024-11-25T18:18:00+00:00,3.13
2024-11-25T20:22:00+00:00,3.12
2024-11-25T20:18:00+00:00,3.14
2024-11-25T21:54:00+00:00,3.12
2024-11-25T21:50:00+00:00,3.13
2024-11-25T21:47:00+00:00,3.14
2024-11-26T04:43:00+00:00,3.14
2024-11-26T06:13:00+00:00,3.13
2024-11-26T07:41:00+00:00,3.12
2024-11-26T08:53:00+00:00,3.13
2024-11-26T08:48:00+00:00,3.14
2024-11-26T09:47:00+00:00,3.14
2024-11-26T11:47:00+00:00,3.13
2024-11-26T13:17:00+00:00,3.14
2024-11-26T14:17:00+00:00,3.14
2024-11-26T15:47:00+00:00,3.14
2024-11-26T16:17:00+00:00,3.14
2024-11-27T04:43:00+00:00,3.14
2024-11-27T05:49:00+00:00,3.13
2024-11-27T07:18:00+00:00,3.14
2024-11-27T10:17:00+00:00,3.12
2024-11-27T11:47:00+00:00,3.14
2024-11-27T14:18:00+00:00,3.12
2024-11-27T14:52:00+00:00,3.13
2024-11-27T14:48:00+00:00,3.14
2024-11-27T15:17:00+00:00,3.14
2024-11-27T16:47:00+00:00,3.14
2024-11-27T23:47:00+00:00,3.14
2024-11-28T04:43:00+00:00,3.14
2024-11-28T06:07:00+00:00,3.13
2024-11-28T07:15:00+00:00,3.12
2024-11-28T12:47:00+00:00,3.14
2024-11-28T14:17:00+00:00,3.12
2024-11-28T16:17:00+00:00,3.14
2024-11-29T04:43:00+00:00,3.14
2024-11-29T06:01:00+00:00,3.12
2024-11-29T09:47:00+00:00,3.12
2024-11-29T09:17:00+00:00,3.14
2024-11-29T10:17:00+00:00,3.14
2024-11-29T11:21:00+00:00,3.13
2024-11-29T11:17:00+00:00,3.14
2024-11-29T16:50:00+00:00,3.13
2024-11-29T16:47:00+00:00,3.14
2024-11-30T04:43:00+00:00,3.14
2024-11-30T05:54:00+00:00,3.13
2024-11-30T07:01:00+00:00,3.12
2024-11-30T08:17:00+00:00,3.13
2024-11-30T09:19:00+00:00,3.12
2024-11-30T09:47:00+00:00,3.13
2024-11-30T10:16:00+00:00,3.12
2024-11-30T15:16:00+00:00,3.14
2024-12-01T04:42:00+00:00,3.14
2024-12-01T05:46:00+00:00,3.13
2024-12-01T07:11:00+00:00,3.12
2024-12-01T09:51:00+00:00,3.12
2024-12-01T09:47:00+00:00,3.13
2024-12-01T09:17:00+00:00,3.14
2024-12-01T17:17:00+00:00,3.14
2024-12-01T19:47:00+00:00,3.14
2024-12-01T23:17:00+00:00,3.13
2024-12-02T04:43:00+00:00,3.14
2024-12-02T05:47:00+00:00,3.13
2024-12-02T06:53:00+00:00,3.12
2024-12-02T07:17:00+00:00,3.14
2024-12-02T08:52:00+00:00,3.12
2024-12-02T08:50:00+00:00,3.13
2024-12-02T08:46:00+00:00,3.14
2024-12-02T10:17:00+00:00,3.14
2024-12-02T13:17:00+00:00,3.14
2024-12-02T13:50:00+00:00,3.13
2024-12-02T13:47:00+00:00,3.14
2024-12-02T14:23:00+00:00,3.12
2024-12-02T14:47:00+00:00,3.13
2024-12-02T14:17:00+00:00,3.14
2024-12-02T18:47:00+00:00,3.13
2024-12-02T20:19:00+00:00,3.12
2024-12-02T20:16:00+00:00,3.13
2024-12-02T23:47:00+00:00,3.14
2024-12-03T04:43:00+00:00,3.14
2024-12-03T05:47:00+00:00,3.13
2024-12-03T07:21:00+00:00,3.12
2024-12-03T07:17:00+00:00,3.14
2024-12-03T13:17:00+00:00,3.13
2024-12-03T12:48:00+00:00,3.14
2024-12-03T13:20:00+00:00,3.12
2024-12-03T15:47:00+00:00,3.14
2024-12-03T16:20:00+00:00,3.13
2024-12-03T16:17:00+00:00,3.14
2024-12-03T17:47:00+00:00,3.12
2024-12-03T17:17:00+00:00,3.13
2024-12-03T18:47:00+00:00,3.14
2024-12-03T21:50:00+00:00,3.12
2024-12-03T21:47:00+00:00,3.13
2024-12-03T22:47:00+00:00,3.14
2024-12-04T00:52:00+00:00,3.13
2024-12-04T00:47:00+00:00,3.14
2024-12-04T04:43:00+00:00,3.14
2024-12-04T06:03:00+00:00,3.13
2024-12-04T07:08:00+00:00,3.12
2024-12-04T08:49:00+00:00,3.12
2024-12-04T08:46:00+00:00,3.13
2024-12-04T13:16:00+00:00,3.14
2024-12-04T13:47:00+00:00,3.14
2024-12-04T19:16:00+00:00,3.14
2024-12-04T20:46:00+00:00,3.13
2024-12-05T03:16:00+00:00,3.14
2024-12-05T03:47:00+00:00,3.13
2024-12-05T04:42:00+00:00,3.14
2024-12-05T05:41:00+00:00,3.13
2024-12-05T06:59:00+00:00,3.12
2024-12-05T09:47:00+00:00,3.14
2024-12-05T10:22:00+00:00,3.12
2024-12-05T10:17:00+00:00,3.13
2024-12-05T15:17:00+00:00,3.14
2024-12-05T16:17:00+00:00,3.14
2024-12-05T17:20:00+00:00,3.12
2024-12-05T17:17:00+00:00,3.13
2024-12-05T19:17:00+00:00,3.14
2024-12-05T21:23:00+00:00,3.12
2024-12-05T21:19:00+00:00,3.13
2024-12-05T21:47:00+00:00,3.14
2024-12-06T00:17:00+00:00,3.13
2024-12-06T03:17:00+00:00,3.14
2024-12-06T04:47:00+00:00,3.14
2024-12-06T05:20:00+00:00,3.12
2024-12-06T05:52:00+00:00,3.13
2024-12-06T06:55:00+00:00,3.12
2024-12-06T10:47:00+00:00,3.14
2024-12-06T14:49:00+00:00,3.12
2024-12-06T14:47:00+00:00,3.13
2024-12-06T14:16:00+00:00,3.14
2024-12-06T16:46:00+00:00,3.14
2024-12-07T04:43:00+00:00,3.14
2024-12-07T06:08:00+00:00,3.13
2024-12-07T08:00:00+00:00,3.12
2024-12-07T18:18:00+00:00,3.14
2024-12-08T04:44:00+00:00,3.14
2024-12-08T06:17:00+00:00,3.14
2024-12-08T10:17:00+00:00,3.14
2024-12-08T14:16:00+00:00,3.14
2024-12-09T04:43:00+00:00,3.14
2024-12-09T05:48:00+00:00,3.14
2024-12-09T06:48:00+00:00,3.13
2024-12-09T12:50:00+00:00,3.12
2024-12-09T13:17:00+00:00,3.13
2024-12-09T12:47:00+00:00,3.14
2024-12-09T18:17:00+00:00,3.14
2024-12-10T03:17:00+00:00,3.14
2024-12-10T04:43:00+00:00,3.14
2024-12-10T06:01:00+00:00,3.13
2024-12-10T05:18:00+00:00,3.14
2024-12-10T07:06:00+00:00,3.12
2024-12-10T07:47:00+00:00,3.14
2024-12-10T08:19:00+00:00,3.12
2024-12-10T08:17:00+00:00,3.13
2024-12-10T10:49:00+00:00,3.13
2024-12-10T10:46:00+00:00,3.14
2024-12-10T11:49:00+00:00,3.12
2024-12-10T11:46:00+00:00,3.14
2024-12-10T12:46:00+00:00,3.13
2024-12-10T12:16:00+00:00,3.14
2024-12-10T16:47:00+00:00,3.14
2024-12-10T17:52:00+00:00,3.12
2024-12-10T17:49:00+00:00,3.13
2024-12-10T17:47:00+00:00,3.14
2024-12-10T21:49:00+00:00,3.13
2024-12-10T21:46:00+00:00,3.14
2024-12-11T04:42:00+00:00,3.14
2024-12-11T05:53:00+00:00,3.13
2024-12-11T07:27:00+00:00,3.12
2024-12-11T07:47:00+00:00,3.14
2024-12-11T09:17:00+00:00,3.12
2024-12-11T11:47:00+00:00,3.12
2024-12-11T11:17:00+00:00,3.14
2024-12-11T13:17:00+00:00,3.13
2024-12-11T12:47:00+00:00,3.14
2024-12-11T13:51:00+00:00,3.13
2024-12-11T13:47:00+00:00,3.14
2024-12-11T14:17:00+00:00,3.14
2024-12-11T15:53:00+00:00,3.12
2024-12-11T15:47:00+00:00,3.13
2024-12-11T15:18:00+00:00,3.14
2024-12-11T16:50:00+00:00,3.13
2024-12-11T16:47:00+00:00,3.14
2024-12-12T03:47:00+00:00,3.14
2024-12-12T04:43:00+00:00,3.14
2024-12-12T06:19:00+00:00,3.13
2024-12-12T07:26:00+00:00,3.12
2024-12-12T11:46:00+00:00,3.13
2024-12-12T18:47:00+00:00,3.13
2024-12-12T18:16:00+00:00,3.14
2024-12-12T20:47:00+00:00,3.14
2024-12-12T21:46:00+00:00,3.14
2024-12-12T22:19:00+00:00,3.12
2024-12-12T22:17:00+00:00,3.13
2024-12-13T04:43:00+00:00,3.14
2024-12-13T05:50:00+00:00,3.13
2024-12-13T07:17:00+00:00,3.12
2024-12-13T09:56:00+00:00,3.12
2024-12-13T09:51:00+00:00,3.13
2024-12-13T09:47:00+00:00,3.14
2024-12-13T10:17:00+00:00,3.14
2024-12-13T12:17:00+00:00,3.12
2024-12-13T13:17:00+00:00,3.14
2024-12-13T13:54:00+00:00,3.12
2024-12-13T13:51:00+00:00,3.13
2024-12-13T14:21:00+00:00,3.12
2024-12-13T14:17:00+00:00,3.13
2024-12-13T13:48:00+00:00,3.14
2024-12-13T16:47:00+00:00,3.14
2024-12-13T18:17:00+00:00,3.14
2024-12-14T04:43:00+00:00,3.14
2024-12-14T05:55:00+00:00,3.13
2024-12-14T06:59:00+00:00,3.12
2024-12-14T13:52:00+00:00,3.12
2024-12-14T13:49:00+00:00,3.13
2024-12-14T13:46:00+00:00,3.14
2024-12-14T15:46:00+00:00,3.14
2024-12-15T04:42:00+00:00,3.14
2024-12-15T05:43:00+00:00,3.13
2024-12-15T06:57:00+00:00,3.12
2024-12-15T08:47:00+00:00,3.13
2024-12-15T12:49:00+00:00,3.13
2024-12-15T12:47:00+00:00,3.14
2024-12-15T14:16:00+00:00,3.14
2024-12-15T20:17:00+00:00,3.14
2024-12-16T04:42:00+00:00,3.14
2024-12-16T05:42:00+00:00,3.13
2024-12-16T14:46:00+00:00,3.12
2024-12-16T14:16:00+00:00,3.14
2024-12-16T17:19:00+00:00,3.12
2024-12-16T17:46:00+00:00,3.13
2024-12-16T17:16:00+00:00,3.14
2024-12-16T18:46:00+00:00,3.14
2024-12-16T19:46:00+00:00,3.14
2024-12-17T04:42:00+00:00,3.14
2024-12-17T05:42:00+00:00,3.13
2024-12-17T06:59:00+00:00,3.12
2024-12-17T12:17:00+00:00,3.12
2024-12-17T16:17:00+00:00,3.14
2024-12-18T04:42:00+00:00,3.14
2024-12-18T05:53:00+00:00,3.12
2024-12-18T05:46:00+00:00,3.14
2024-12-18T06:20:00+00:00,3.13
2024-12-18T06:16:00+00:00,3.14
2024-12-18T08:46:00+00:00,3.14
2024-12-18T09:16:00+00:00,3.14
2024-12-18T10:16:00+00:00,3.14
2024-12-18T12:46:00+00:00,3.14
2024-12-19T04:42:00+00:00,3.14
2024-12-19T05:43:00+00:00,3.13
2024-12-19T12:47:00+00:00,3.14
2024-12-19T13:21:00+00:00,3.12
2024-12-19T13:16:00+00:00,3.13
2024-12-19T14:22:00+00:00,3.12
2024-12-19T14:19:00+00:00,3.13
2024-12-19T14:47:00+00:00,3.14
2024-12-19T15:46:00+00:00,3.14
2024-12-19T17:17:00+00:00,3.14
2024-12-19T20:50:00+00:00,3.13
2024-12-19T20:47:00+00:00,3.14
2024-12-19T21:17:00+00:00,3.14
2024-12-19T23:47:00+00:00,3.14
2024-12-20T04:42:00+00:00,3.14
2024-12-20T05:39:00+00:00,3.13
2024-12-20T06:33:00+00:00,3.12
2024-12-20T08:49:00+00:00,3.13
2024-12-20T08:46:00+00:00,3.14
2024-12-20T13:16:00+00:00,3.14
2024-12-20T17:16:00+00:00,3.14
2024-12-20T19:46:00+00:00,3.14
2024-12-20T20:49:00+00:00,3.12
2024-12-20T20:46:00+00:00,3.13
2024-12-21T04:42:00+00:00,3.14
2024-12-21T05:43:00+00:00,3.13
2024-12-21T06:56:00+00:00,3.12
2024-12-22T10:16:00+00:00,3.14
2024-12-22T19:16:00+00:00,3.14
2024-12-23T04:50:00+00:00,3.13
2024-12-23T04:47:00+00:00,3.14
2024-12-23T05:48:00+00:00,3.13
2024-12-23T12:47:00+00:00,3.14
2024-12-24T04:42:00+00:00,3.14
2024-12-24T12:16:00+00:00,3.14
2024-12-24T14:16:00+00:00,3.14
2024-12-24T16:19:00+00:00,3.12
2024-12-24T16:46:00+00:00,3.13
2024-12-24T16:16:00+00:00,3.14
2024-12-24T18:19:00+00:00,3.13
2024-12-24T18:46:00+00:00,3.14
2024-12-24T19:19:00+00:00,3.12
2024-12-24T19:16:00+00:00,3.13
2024-12-24T21:16:00+00:00,3.12
2024-12-25T04:42:00+00:00,3.14
2024-12-25T05:41:00+00:00,3.13
2024-12-25T06:52:00+00:00,3.12
2024-12-26T14:46:00+00:00,3.14
2024-12-26T15:46:00+00:00,3.14
2024-12-27T01:49:00+00:00,3.12
2024-12-27T01:46:00+00:00,3.13
2024-12-27T01:16:00+00:00,3.14
2024-12-27T02:19:00+00:00,3.13
2024-12-27T02:16:00+00:00,3.14
2024-12-27T04:42:00+00:00,3.14
2024-12-27T05:44:00+00:00,3.13
2024-12-27T06:59:00+00:00,3.12
2024-12-27T15:16:00+00:00,3.14
2024-12-27T22:17:00+00:00,3.14
2024-12-28T04:42:00+00:00,3.14
2024-12-28T21:16:00+00:00,3.14
2024-12-29T04:42:00+00:00,3.14
2024-12-29T06:47:00+00:00,3.14
2024-12-29T18:46:00+00:00,3.14
2024-12-29T19:19:00+00:00,3.12
2024-12-29T19:16:00+00:00,3.13
2024-12-30T04:42:00+00:00,3.14
2024-12-30T05:43:00+00:00,3.13
2024-12-30T06:39:00+00:00,3.12
2024-12-30T09:16:00+00:00,3.14
2024-12-30T13:16:00+00:00,3.14
2024-12-30T17:51:00+00:00,3.12
2024-12-30T17:49:00+00:00,3.13
2024-12-30T17:46:00+00:00,3.14
2024-12-30T18:16:00+00:00,3.13
2024-12-31T04:42:00+00:00,3.14
2024-12-31T05:42:00+00:00,3.13
2024-12-31T06:51:00+00:00,3.12
2024-12-31T08:47:00+00:00,3.12
2024-12-31T08:16:00+00:00,3.14
2024-12-31T18:47:00+00:00,3.13
2024-12-31T21:57:00+00:00,3.12
2024-12-31T21:55:00+00:00,3.13
2024-12-31T21:47:00+00:00,3.14
2025-01-01T04:42:00+00:00,3.14
2025-01-01T05:42:00+00:00,3.13
2025-01-01T06:52:00+00:00,3.12
2025-01-01T11:46:00+00:00,3.14
2025-01-02T04:42:00+00:00,3.14
2025-01-02T07:51:00+00:00,3.12
2025-01-02T07:49:00+00:00,3.13
2025-01-02T07:46:00+00:00,3.14
2025-01-02T09:46:00+00:00,3.14
2025-01-02T11:46:00+00:00,3.14
2025-01-02T12:21:00+00:00,3.12
2025-01-02T12:19:00+00:00,3.13
2025-01-02T12:16:00+00:00,3.14
2025-01-02T13:16:00+00:00,3.14
2025-01-02T14:51:00+00:00,3.12
2025-01-02T14:49:00+00:00,3.13
2025-01-02T14:46:00+00:00,3.14
2025-01-02T16:46:00+00:00,3.12
2025-01-02T16:19:00+00:00,3.13
2025-01-02T16:16:00+00:00,3.14
2025-01-02T19:46:00+00:00,3.13
2025-01-02T19:16:00+00:00,3.14
2025-01-03T04:42:00+00:00,3.14
2025-01-03T05:38:00+00:00,3.13
2025-01-03T06:39:00+00:00,3.12
2025-01-03T07:46:00+00:00,3.14
2025-01-03T10:21:00+00:00,3.12
2025-01-03T10:19:00+00:00,3.13
2025-01-03T10:46:00+00:00,3.14
2025-01-03T11:46:00+00:00,3.14
2025-01-03T13:17:00+00:00,3.14
2025-01-03T14:19:00+00:00,3.12
2025-01-03T14:16:00+00:00,3.13
2025-01-03T19:49:00+00:00,3.12
2025-01-03T19:46:00+00:00,3.13
2025-01-03T19:17:00+00:00,3.14
2025-01-04T04:42:00+00:00,3.14
2025-01-04T05:38:00+00:00,3.13
2025-01-04T06:30:00+00:00,3.12
2025-01-04T11:18:00+00:00,3.13
2025-01-04T11:16:00+00:00,3.14
2025-01-04T15:46:00+00:00,3.14
2025-01-04T16:18:00+00:00,3.12
2025-01-04T16:16:00+00:00,3.13
2025-01-04T17:50:00+00:00,3.12
2025-01-04T17:48:00+00:00,3.13
2025-01-04T17:46:00+00:00,3.14
2025-01-04T19:21:00+00:00,3.12
2025-01-04T19:18:00+00:00,3.13
2025-01-04T19:16:00+00:00,3.14
2025-01-04T21:20:00+00:00,3.12
2025-01-04T21:18:00+00:00,3.13
2025-01-04T21:16:00+00:00,3.14
2025-01-04T23:46:00+00:00,3.14
2025-01-05T04:42:00+00:00,3.14
2025-01-05T05:37:00+00:00,3.13
2025-01-05T06:35:00+00:00,3.12
2025-01-05T09:46:00+00:00,3.14
2025-01-05T22:21:00+00:00,3.12
2025-01-05T22:19:00+00:00,3.13
2025-01-05T22:16:00+00:00,3.14
2025-01-06T01:46:00+00:00,3.14
2025-01-06T04:42:00+00:00,3.14
2025-01-06T05:37:00+00:00,3.13
2025-01-06T06:29:00+00:00,3.12
2025-01-06T10:18:00+00:00,3.12
2025-01-06T10:16:00+00:00,3.13
2025-01-06T11:21:00+00:00,3.12
2025-01-06T11:18:00+00:00,3.13
2025-01-06T11:16:00+00:00,3.14
2025-01-06T12:46:00+00:00,3.14
2025-01-06T21:48:00+00:00,3.12
2025-01-06T21:46:00+00:00,3.13
2025-01-06T23:50:00+00:00,3.12
2025-01-06T23:48:00+00:00,3.13
2025-01-06T23:46:00+00:00,3.14
2025-01-07T03:16:00+00:00,3.14
2025-01-07T04:42:00+00:00,3.14
2025-01-07T05:49:00+00:00,3.12
2025-01-07T05:47:00+00:00,3.13
2025-01-07T05:17:00+00:00,3.14
2025-01-07T06:48:00+00:00,3.12
2025-01-07T08:23:00+00:00,3.12
2025-01-07T08:20:00+00:00,3.13
2025-01-07T08:46:00+00:00,3.14
2025-01-07T10:46:00+00:00,3.14
2025-01-07T11:46:00+00:00,3.14
2025-01-07T17:49:00+00:00,3.12
2025-01-07T17:46:00+00:00,3.13
2025-01-07T21:24:00+00:00,3.12
2025-01-07T21:21:00+00:00,3.13
2025-01-07T21:17:00+00:00,3.14
2025-01-08T01:46:00+00:00,3.14
2025-01-08T04:42:00+00:00,3.14
2025-01-08T05:38:00+00:00,3.13
2025-01-08T06:31:00+00:00,3.12
2025-01-08T07:46:00+00:00,3.14
2025-01-08T08:46:00+00:00,3.14
2025-01-08T09:18:00+00:00,3.12
2025-01-08T09:16:00+00:00,3.13
2025-01-08T10:46:00+00:00,3.14
2025-01-08T12:48:00+00:00,3.12
2025-01-08T12:46:00+00:00,3.13
2025-01-08T12:16:00+00:00,3.14
2025-01-08T13:16:00+00:00,3.13
2025-01-08T20:46:00+00:00,3.14
2025-01-08T23:46:00+00:00,3.14
2025-01-09T04:42:00+00:00,3.14
2025-01-09T05:40:00+00:00,3.13
2025-01-09T06:44:00+00:00,3.12
2025-01-09T09:53:00+00:00,3.12
2025-01-09T09:50:00+00:00,3.13
2025-01-09T09:47:00+00:00,3.14
2025-01-09T10:23:00+00:00,3.12
2025-01-09T10:20:00+00:00,3.13
2025-01-09T10:16:00+00:00,3.14
2025-01-09T12:54:00+00:00,3.12
2025-01-09T12:50:00+00:00,3.13
2025-01-09T12:47:00+00:00,3.14
2025-01-09T15:17:00+00:00,3.14
2025-01-09T19:47:00+00:00,3.14
2025-01-09T20:16:00+00:00,3.13
2025-01-10T03:46:00+00:00,3.14
2025-01-10T04:18:00+00:00,3.12
2025-01-10T04:16:00+00:00,3.13
2025-01-10T04:42:00+00:00,3.14
2025-01-10T05:40:00+00:00,3.13
2025-01-10T06:34:00+00:00,3.12
2025-01-10T07:46:00+00:00,3.13
2025-01-10T13:16:00+00:00,3.14
2025-01-10T16:16:00+00:00,3.14
2025-01-11T01:16:00+00:00,3.14
2025-01-11T04:42:00+00:00,3.14
2025-01-11T05:43:00+00:00,3.13
2025-01-11T11:49:00+00:00,3.12
2025-01-11T11:46:00+00:00,3.13
2025-01-12T05:59:00+00:00,3.12
2025-01-12T05:06:00+00:00,3.13
2025-01-12T13:16:00+00:00,3.14
2025-01-12T23:16:00+00:00,3.14
2025-01-13T04:42:00+00:00,3.14
2025-01-13T05:40:00+00:00,3.13
2025-01-13T08:46:00+00:00,3.14
2025-01-13T09:16:00+00:00,3.14
2025-01-13T10:52:00+00:00,3.12
2025-01-13T10:50:00+00:00,3.13
2025-01-13T10:47:00+00:00,3.14
2025-01-13T11:46:00+00:00,3.14
2025-01-13T12:17:00+00:00,3.14
2025-01-13T13:20:00+00:00,3.12
2025-01-13T13:49:00+00:00,3.13
2025-01-13T13:46:00+00:00,3.14
2025-01-13T14:46:00+00:00,3.14
2025-01-13T16:50:00+00:00,3.12
2025-01-13T16:46:00+00:00,3.13
2025-01-13T16:17:00+00:00,3.14
2025-01-14T04:42:00+00:00,3.14
2025-01-14T05:40:00+00:00,3.13
2025-01-14T06:36:00+00:00,3.12
2025-01-14T07:46:00+00:00,3.14
2025-01-14T08:18:00+00:00,3.13
2025-01-14T08:16:00+00:00,3.14
2025-01-14T09:16:00+00:00,3.14
2025-01-14T11:46:00+00:00,3.14
2025-01-14T13:46:00+00:00,3.14
2025-01-14T15:51:00+00:00,3.12
2025-01-14T15:48:00+00:00,3.13
2025-01-14T15:46:00+00:00,3.14
2025-01-14T16:16:00+00:00,3.14
2025-01-14T19:46:00+00:00,3.14
2025-01-15T01:16:00+00:00,3.14
2025-01-15T02:16:00+00:00,3.14
2025-01-15T04:42:00+00:00,3.14
2025-01-15T05:39:00+00:00,3.13
2025-01-15T06:40:00+00:00,3.12
2025-01-15T14:48:00+00:00,3.12
2025-01-15T14:46:00+00:00,3.13
2025-01-15T14:16:00+00:00,3.14
2025-01-15T17:16:00+00:00,3.14
2025-01-15T19:46:00+00:00,3.14
2025-01-15T21:21:00+00:00,3.12
2025-01-15T21:18:00+00:00,3.13
2025-01-15T21:16:00+00:00,3.14
2025-01-16T04:42:00+00:00,3.14
2025-01-16T05:39:00+00:00,3.13
2025-01-16T06:31:00+00:00,3.12
2025-01-16T10:48:00+00:00,3.12
2025-01-16T10:46:00+00:00,3.14
2025-01-16T13:16:00+00:00,3.14
2025-01-16T15:46:00+00:00,3.14
2025-01-17T00:16:00+00:00,3.14
2025-01-17T03:16:00+00:00,3.14
2025-01-17T04:42:00+00:00,3.14
2025-01-17T05:53:00+00:00,3.12
2025-01-17T15:47:00+00:00,3.14
2025-01-17T16:17:00+00:00,3.13
2025-01-17T18:17:00+00:00,3.13
2025-01-17T19:46:00+00:00,3.12
2025-01-18T01:20:00+00:00,3.12
2025-01-18T01:18:00+00:00,3.13
2025-01-18T01:16:00+00:00,3.14
2025-01-18T03:46:00+00:00,3.13
2025-01-18T04:52:00+00:00,3.12
2025-01-18T04:47:00+00:00,3.13
2025-01-18T04:42:00+00:00,3.14
2025-01-18T10:20:00+00:00,3.12
2025-01-18T10:18:00+00:00,3.13
2025-01-18T10:46:00+00:00,3.14
2025-01-18T11:20:00+00:00,3.12
2025-01-18T11:18:00+00:00,3.13
2025-01-18T11:16:00+00:00,3.14
2025-01-18T17:19:00+00:00,3.12
2025-01-18T17:16:00+00:00,3.13
2025-01-18T18:51:00+00:00,3.12
2025-01-18T18:48:00+00:00,3.13
2025-01-18T18:46:00+00:00,3.14
2025-01-18T21:21:00+00:00,3.12
2025-01-18T21:19:00+00:00,3.13
2025-01-18T21:16:00+00:00,3.14
2025-01-18T22:48:00+00:00,3.12
2025-01-18T22:46:00+00:00,3.13
2025-01-18T22:16:00+00:00,3.14
2025-01-18T23:46:00+00:00,3.13
2025-01-19T01:16:00+00:00,3.14
2025-01-19T04:42:00+00:00,3.14
2025-01-19T05:39:00+00:00,3.13
2025-01-19T06:41:00+00:00,3.12
2025-01-19T13:46:00+00:00,3.12
2025-01-19T20:16:00+00:00,3.14
2025-01-19T21:19:00+00:00,3.12
2025-01-19T21:17:00+00:00,3.13
2025-01-19T22:16:00+00:00,3.14
2025-01-20T00:23:00+00:00,3.12
2025-01-20T00:20:00+00:00,3.13
2025-01-20T00:17:00+00:00,3.14
2025-01-20T00:48:00+00:00,3.12
2025-01-20T01:16:00+00:00,3.13
2025-01-20T00:46:00+00:00,3.14
2025-01-20T04:42:00+00:00,3.14
2025-01-20T05:41:00+00:00,3.13
2025-01-20T06:34:00+00:00,3.12
2025-01-20T06:17:00+00:00,3.14
2025-01-20T07:49:00+00:00,3.12
2025-01-20T07:46:00+00:00,3.13
2025-01-20T10:46:00+00:00,3.14
2025-01-20T11:16:00+00:00,3.14
2025-01-20T13:46:00+00:00,3.14
2025-01-20T14:16:00+00:00,3.13
2025-01-20T15:46:00+00:00,3.14
2025-01-20T16:21:00+00:00,3.12
2025-01-20T16:19:00+00:00,3.13
2025-01-20T16:46:00+00:00,3.14
2025-01-20T17:46:00+00:00,3.13
2025-01-20T17:16:00+00:00,3.14
2025-01-20T18:46:00+00:00,3.13
2025-01-20T18:16:00+00:00,3.14
2025-01-20T19:21:00+00:00,3.12
2025-01-20T19:18:00+00:00,3.13
2025-01-20T19:16:00+00:00,3.14
2025-01-20T20:49:00+00:00,3.12
2025-01-20T20:46:00+00:00,3.14
2025-01-20T21:46:00+00:00,3.14
2025-01-21T00:22:00+00:00,3.12
2025-01-21T00:19:00+00:00,3.13
2025-01-21T00:17:00+00:00,3.14
2025-01-21T04:42:00+00:00,3.14
2025-01-21T05:47:00+00:00,3.12
2025-01-21T05:41:00+00:00,3.13
2025-01-21T06:48:00+00:00,3.12
2025-01-21T09:53:00+00:00,3.12
2025-01-21T09:50:00+00:00,3.13
2025-01-21T09:47:00+00:00,3.14
2025-01-21T10:17:00+00:00,3.14
2025-01-21T11:16:00+00:00,3.13
2025-01-21T11:46:00+00:00,3.14
2025-01-21T16:20:00+00:00,3.13
2025-01-21T16:17:00+00:00,3.14
2025-01-21T20:21:00+00:00,3.12
2025-01-21T20:19:00+00:00,3.13
2025-01-21T20:17:00+00:00,3.14
2025-01-21T21:19:00+00:00,3.13
2025-01-21T21:17:00+00:00,3.14
2025-01-22T00:16:00+00:00,3.12
2025-01-21T23:47:00+00:00,3.14
2025-01-22T00:50:00+00:00,3.12
2025-01-22T01:16:00+00:00,3.13
2025-01-22T00:46:00+00:00,3.14
2025-01-22T04:42:00+00:00,3.14
2025-01-22T05:43:00+00:00,3.13
2025-01-22T06:40:00+00:00,3.12
2025-01-22T09:46:00+00:00,3.14
2025-01-22T10:16:00+00:00,3.14
2025-01-22T11:16:00+00:00,3.14
2025-01-22T13:18:00+00:00,3.13
2025-01-22T13:16:00+00:00,3.14
2025-01-22T16:48:00+00:00,3.13
2025-01-22T16:46:00+00:00,3.14
2025-01-22T17:46:00+00:00,3.13
2025-01-22T18:16:00+00:00,3.12
2025-01-22T19:16:00+00:00,3.13
2025-01-23T02:16:00+00:00,3.14
2025-01-23T04:42:00+00:00,3.14
2025-01-23T05:41:00+00:00,3.13
2025-01-23T06:46:00+00:00,3.12
2025-01-23T09:47:00+00:00,3.14
2025-01-23T10:47:00+00:00,3.14
2025-01-23T13:47:00+00:00,3.14
2025-01-23T14:47:00+00:00,3.14
2025-01-23T15:17:00+00:00,3.14
2025-01-23T16:17:00+00:00,3.14
2025-01-23T17:47:00+00:00,3.14
2025-01-23T18:19:00+00:00,3.13
2025-01-23T18:16:00+00:00,3.14
2025-01-23T21:19:00+00:00,3.12
2025-01-23T21:50:00+00:00,3.13
2025-01-23T21:46:00+00:00,3.14
2025-01-24T04:42:00+00:00,3.14
2025-01-24T05:41:00+00:00,3.13
2025-01-24T06:36:00+00:00,3.12
2025-01-24T11:16:00+00:00,3.14
2025-01-24T12:46:00+00:00,3.14
2025-01-24T22:46:00+00:00,3.14
2025-01-25T04:21:00+00:00,3.12
2025-01-25T04:19:00+00:00,3.13
2025-01-25T04:42:00+00:00,3.14
2025-01-25T05:40:00+00:00,3.13
2025-01-25T06:43:00+00:00,3.12
2025-01-25T09:19:00+00:00,3.13
2025-01-25T09:16:00+00:00,3.14
2025-01-25T11:46:00+00:00,3.14
2025-01-25T13:51:00+00:00,3.12
2025-01-25T13:49:00+00:00,3.13
2025-01-25T13:47:00+00:00,3.14
2025-01-25T20:16:00+00:00,3.12
2025-01-26T03:46:00+00:00,3.14
2025-01-26T04:18:00+00:00,3.12
2025-01-26T04:16:00+00:00,3.13
2025-01-26T04:42:00+00:00,3.14
2025-01-26T05:41:00+00:00,3.13
2025-01-26T06:35:00+00:00,3.12
2025-01-26T13:46:00+00:00,3.14
2025-01-26T14:46:00+00:00,3.14
2025-01-26T15:18:00+00:00,3.12
2025-01-26T15:16:00+00:00,3.13
2025-01-26T15:46:00+00:00,3.14
2025-01-26T16:46:00+00:00,3.14
2025-01-26T17:16:00+00:00,3.13
2025-01-26T18:46:00+00:00,3.14
2025-01-26T19:16:00+00:00,3.14
2025-01-27T03:46:00+00:00,3.14
2025-01-27T04:42:00+00:00,3.14
2025-01-27T05:43:00+00:00,3.13
2025-01-27T06:51:00+00:00,3.12
2025-01-27T10:46:00+00:00,3.14
2025-01-27T11:17:00+00:00,3.14
2025-01-27T13:46:00+00:00,3.14
2025-01-27T14:49:00+00:00,3.13
2025-01-27T14:47:00+00:00,3.14
2025-01-27T15:17:00+00:00,3.14
2025-01-27T16:49:00+00:00,3.13
2025-01-27T16:47:00+00:00,3.14
2025-01-27T17:55:00+00:00,3.12
2025-01-27T17:52:00+00:00,3.13
2025-01-27T17:47:00+00:00,3.14
2025-01-27T22:19:00+00:00,3.12
2025-01-27T22:16:00+00:00,3.13
2025-01-28T00:17:00+00:00,3.14
2025-01-28T00:50:00+00:00,3.12
2025-01-28T00:47:00+00:00,3.13
2025-01-28T04:42:00+00:00,3.14
2025-01-28T05:41:00+00:00,3.13
2025-01-28T06:37:00+00:00,3.12
2025-01-28T11:46:00+00:00,3.14
2025-01-28T12:18:00+00:00,3.12
2025-01-28T12:16:00+00:00,3.13
2025-01-28T19:47:00+00:00,3.14
2025-01-29T00:46:00+00:00,3.14
2025-01-29T04:42:00+00:00,3.14
2025-01-29T05:40:00+00:00,3.13
2025-01-29T06:44:00+00:00,3.12
2025-01-29T09:47:00+00:00,3.14
2025-01-29T11:49:00+00:00,3.12
2025-01-29T11:46:00+00:00,3.13
2025-01-29T11:17:00+00:00,3.14
2025-01-29T14:16:00+00:00,3.14
2025-01-29T15:46:00+00:00,3.14
2025-01-29T16:49:00+00:00,3.12
2025-01-29T16:47:00+00:00,3.14
2025-01-29T17:17:00+00:00,3.13
2025-01-29T17:47:00+00:00,3.14
2025-01-29T19:47:00+00:00,3.14
2025-01-30T04:42:00+00:00,3.14
2025-01-30T05:39:00+00:00,3.13
2025-01-30T06:34:00+00:00,3.12
2025-01-30T08:46:00+00:00,3.12
2025-01-30T08:16:00+00:00,3.14
2025-01-30T09:46:00+00:00,3.13
2025-01-30T10:49:00+00:00,3.13
2025-01-30T10:46:00+00:00,3.14
2025-01-30T11:46:00+00:00,3.14
2025-01-30T12:16:00+00:00,3.12
2025-01-30T12:46:00+00:00,3.13
2025-01-30T19:46:00+00:00,3.14
2025-01-31T04:42:00+00:00,3.14
2025-01-31T05:40:00+00:00,3.13
2025-01-31T06:46:00+00:00,3.12
2025-01-31T08:47:00+00:00,3.14
2025-01-31T09:17:00+00:00,3.14
2025-01-31T11:16:00+00:00,3.14
2025-01-31T12:47:00+00:00,3.14
2025-01-31T13:46:00+00:00,3.14
2025-01-31T14:46:00+00:00,3.14
2025-01-31T15:20:00+00:00,3.12
2025-01-31T15:17:00+00:00,3.13
2025-01-31T15:47:00+00:00,3.14
2025-01-31T17:46:00+00:00,3.14
2025-02-01T04:42:00+00:00,3.14
2025-02-01T05:42:00+00:00,3.13
2025-02-01T06:51:00+00:00,3.12
2025-02-01T17:22:00+00:00,3.12
2025-02-01T17:20:00+00:00,3.13
2025-02-01T17:17:00+00:00,3.14
2025-02-02T04:42:00+00:00,3.14
2025-02-02T05:42:00+00:00,3.13
2025-02-02T06:36:00+00:00,3.12
2025-02-02T08:46:00+00:00,3.12
2025-02-02T08:16:00+00:00,3.13
2025-02-02T15:16:00+00:00,3.14
2025-02-02T16:51:00+00:00,3.12
2025-02-02T16:49:00+00:00,3.13
2025-02-02T16:46:00+00:00,3.14
2025-02-02T18:46:00+00:00,3.13
2025-02-02T19:16:00+00:00,3.13
2025-02-02T22:46:00+00:00,3.14
2025-02-02T23:16:00+00:00,3.12
2025-02-02T23:46:00+00:00,3.14
2025-02-03T00:46:00+00:00,3.13
2025-02-03T04:42:00+00:00,3.14
2025-02-03T05:44:00+00:00,3.13
2025-02-03T06:57:00+00:00,3.12
2025-02-03T08:46:00+00:00,3.13
2025-02-03T10:47:00+00:00,3.14
2025-02-03T11:47:00+00:00,3.14
2025-02-03T12:22:00+00:00,3.12
2025-02-03T12:19:00+00:00,3.13
2025-02-03T12:17:00+00:00,3.14
2025-02-03T16:47:00+00:00,3.14
2025-02-03T23:49:00+00:00,3.12
2025-02-04T00:17:00+00:00,3.13
2025-02-04T04:42:00+00:00,3.14
2025-02-04T05:42:00+00:00,3.13
2025-02-04T06:39:00+00:00,3.12
2025-02-04T14:51:00+00:00,3.12
2025-02-04T14:49:00+00:00,3.13
2025-02-04T14:46:00+00:00,3.14
2025-02-04T15:46:00+00:00,3.14
2025-02-04T16:46:00+00:00,3.13
2025-02-04T19:51:00+00:00,3.12
2025-02-04T19:49:00+00:00,3.13
2025-02-04T19:46:00+00:00,3.14
2025-02-04T22:46:00+00:00,3.14
2025-02-05T04:42:00+00:00,3.14
2025-02-05T05:42:00+00:00,3.13
2025-02-05T06:50:00+00:00,3.12
2025-02-05T07:47:00+00:00,3.14
2025-02-05T08:16:00+00:00,3.13
2025-02-05T11:49:00+00:00,3.12
2025-02-05T11:47:00+00:00,3.13
2025-02-05T14:47:00+00:00,3.13
2025-02-05T15:17:00+00:00,3.14
2025-02-05T19:47:00+00:00,3.14
2025-02-06T04:42:00+00:00,3.14
2025-02-06T05:44:00+00:00,3.13
2025-02-06T06:41:00+00:00,3.12
2025-02-06T12:49:00+00:00,3.13
2025-02-06T12:46:00+00:00,3.14
2025-02-06T13:46:00+00:00,3.13
2025-02-06T13:16:00+00:00,3.14
2025-02-06T14:46:00+00:00,3.14
2025-02-06T15:46:00+00:00,3.14
2025-02-06T16:46:00+00:00,3.14
2025-02-06T17:52:00+00:00,3.12
2025-02-06T17:49:00+00:00,3.13
2025-02-06T17:46:00+00:00,3.14
2025-02-06T18:19:00+00:00,3.12
2025-02-06T18:46:00+00:00,3.13
2025-02-06T19:46:00+00:00,3.13
2025-02-06T19:16:00+00:00,3.14
2025-02-06T22:46:00+00:00,3.14
2025-02-06T23:16:00+00:00,3.13
2025-02-07T00:49:00+00:00,3.13
2025-02-07T00:46:00+00:00,3.14
2025-02-07T03:16:00+00:00,3.14
2025-02-07T04:42:00+00:00,3.14
2025-02-07T05:48:00+00:00,3.13
2025-02-07T07:07:00+00:00,3.12
2025-02-07T10:17:00+00:00,3.14
2025-02-07T11:16:00+00:00,3.14
2025-02-07T12:47:00+00:00,3.14
2025-02-07T15:16:00+00:00,3.14
2025-02-07T17:17:00+00:00,3.14
2025-02-07T18:17:00+00:00,3.14
2025-02-07T19:47:00+00:00,3.14
2025-02-07T22:47:00+00:00,3.14
2025-02-08T01:47:00+00:00,3.14
2025-02-08T02:17:00+00:00,3.14
2025-02-08T03:16:00+00:00,3.14
2025-02-08T04:42:00+00:00,3.14
2025-02-08T13:17:00+00:00,3.14
2025-02-08T14:16:00+00:00,3.12
2025-02-08T16:19:00+00:00,3.13
2025-02-08T16:17:00+00:00,3.14
2025-02-08T19:49:00+00:00,3.12
2025-02-08T19:46:00+00:00,3.14
2025-02-08T20:21:00+00:00,3.12
2025-02-08T20:19:00+00:00,3.13
2025-02-08T20:16:00+00:00,3.14
2025-02-08T23:46:00+00:00,3.14
2025-02-09T04:42:00+00:00,3.14
2025-02-09T05:49:00+00:00,3.13
2025-02-09T07:10:00+00:00,3.12
2025-02-09T08:47:00+00:00,3.14
2025-02-09T09:49:00+00:00,3.12
2025-02-09T09:47:00+00:00,3.13
2025-02-09T22:17:00+00:00,3.14
2025-02-10T00:17:00+00:00,3.12
2025-02-09T23:47:00+00:00,3.14
2025-02-10T00:47:00+00:00,3.13
2025-02-10T04:42:00+00:00,3.14
2025-02-10T05:49:00+00:00,3.13
2025-02-10T06:53:00+00:00,3.12
2025-02-10T06:47:00+00:00,3.14
2025-02-10T10:46:00+00:00,3.14
2025-02-10T11:49:00+00:00,3.12
2025-02-10T11:46:00+00:00,3.13
2025-02-10T11:16:00+00:00,3.14
2025-02-10T12:16:00+00:00,3.13
2025-02-10T12:46:00+00:00,3.14
2025-02-10T14:49:00+00:00,3.12
2025-02-10T14:47:00+00:00,3.13
2025-02-10T16:52:00+00:00,3.12
2025-02-10T16:49:00+00:00,3.13
2025-02-10T16:46:00+00:00,3.14
2025-02-10T19:16:00+00:00,3.14
2025-02-10T22:16:00+00:00,3.14
2025-02-11T04:42:00+00:00,3.14
2025-02-11T05:49:00+00:00,3.13
2025-02-11T05:17:00+00:00,3.14
2025-02-11T07:09:00+00:00,3.12
2025-02-11T07:47:00+00:00,3.14
2025-02-11T09:17:00+00:00,3.14
2025-02-11T11:16:00+00:00,3.14
2025-02-11T12:17:00+00:00,3.14
2025-02-11T19:50:00+00:00,3.13
2025-02-11T19:47:00+00:00,3.14
2025-02-11T21:49:00+00:00,3.12
2025-02-11T21:47:00+00:00,3.13
2025-02-11T22:47:00+00:00,3.14
2025-02-11T23:49:00+00:00,3.12
2025-02-11T23:47:00+00:00,3.13
2025-02-12T00:17:00+00:00,3.14
2025-02-12T04:42:00+00:00,3.14
2025-02-12T05:48:00+00:00,3.13
2025-02-12T06:48:00+00:00,3.12
2025-02-12T08:51:00+00:00,3.12
2025-02-12T08:49:00+00:00,3.13
2025-02-12T08:46:00+00:00,3.14
2025-02-12T11:46:00+00:00,3.14
2025-02-12T13:46:00+00:00,3.13
2025-02-12T13:16:00+00:00,3.14
2025-02-12T15:16:00+00:00,3.14
2025-02-12T17:46:00+00:00,3.14
2025-02-12T18:46:00+00:00,3.14
2025-02-12T23:21:00+00:00,3.12
2025-02-12T23:19:00+00:00,3.13
2025-02-12T23:17:00+00:00,3.14
2025-02-13T01:49:00+00:00,3.12
2025-02-13T01:47:00+00:00,3.14
2025-02-13T02:17:00+00:00,3.13
2025-02-13T04:42:00+00:00,3.14
2025-02-13T05:50:00+00:00,3.13
2025-02-13T06:19:00+00:00,3.14
2025-02-13T07:13:00+00:00,3.12
2025-02-13T07:17:00+00:00,3.13
2025-02-13T14:17:00+00:00,3.14
2025-02-13T17:47:00+00:00,3.14
2025-02-14T04:42:00+00:00,3.14
2025-02-14T05:53:00+00:00,3.13
2025-02-14T05:17:00+00:00,3.14
2025-02-14T09:46:00+00:00,3.14
2025-02-14T16:46:00+00:00,3.13
2025-02-14T17:49:00+00:00,3.12
2025-02-14T17:46:00+00:00,3.14
2025-02-14T19:16:00+00:00,3.14
2025-02-15T03:49:00+00:00,3.13
2025-02-15T03:46:00+00:00,3.14
2025-02-15T04:16:00+00:00,3.12
2025-02-15T04:42:00+00:00,3.14
2025-02-15T05:47:00+00:00,3.13
2025-02-15T06:21:00+00:00,3.12
2025-02-15T06:17:00+00:00,3.13
2025-02-15T07:06:00+00:00,3.12
2025-02-15T07:47:00+00:00,3.14
2025-02-15T09:47:00+00:00,3.14
2025-02-15T10:17:00+00:00,3.13
2025-02-15T13:17:00+00:00,3.14
2025-02-15T19:17:00+00:00,3.14
2025-02-16T01:47:00+00:00,3.14
2025-02-16T04:42:00+00:00,3.14
2025-02-16T05:50:00+00:00,3.13
2025-02-16T11:21:00+00:00,3.12
2025-02-16T11:19:00+00:00,3.13
2025-02-16T11:16:00+00:00,3.14
2025-02-16T13:46:00+00:00,3.14
2025-02-16T18:46:00+00:00,3.14
2025-02-16T19:18:00+00:00,3.12
2025-02-16T19:16:00+00:00,3.13
2025-02-17T04:42:00+00:00,3.14
2025-02-17T05:49:00+00:00,3.13
2025-02-17T07:09:00+00:00,3.12
2025-02-17T09:20:00+00:00,3.13
2025-02-17T09:17:00+00:00,3.14
2025-02-17T10:47:00+00:00,3.14
2025-02-17T13:21:00+00:00,3.12
2025-02-17T13:47:00+00:00,3.14
2025-02-17T14:17:00+00:00,3.13
2025-02-17T15:47:00+00:00,3.13
2025-02-17T16:50:00+00:00,3.12
2025-02-17T16:47:00+00:00,3.13
2025-02-17T16:17:00+00:00,3.14
2025-02-17T20:17:00+00:00,3.14
2025-02-18T03:17:00+00:00,3.14
2025-02-18T04:42:00+00:00,3.14
2025-02-18T05:49:00+00:00,3.13
2025-02-18T06:51:00+00:00,3.12
2025-02-18T08:16:00+00:00,3.14
2025-02-18T11:46:00+00:00,3.13
2025-02-18T12:17:00+00:00,3.14
2025-02-18T13:21:00+00:00,3.12
2025-02-18T13:19:00+00:00,3.13
2025-02-18T13:16:00+00:00,3.14
2025-02-18T14:46:00+00:00,3.12
2025-02-18T14:16:00+00:00,3.13
2025-02-18T15:47:00+00:00,3.14
2025-02-18T16:16:00+00:00,3.14
2025-02-18T17:16:00+00:00,3.14
2025-02-18T21:46:00+00:00,3.14
2025-02-18T23:16:00+00:00,3.14
2025-02-19T12:52:00+00:00,3.12
2025-02-19T12:49:00+00:00,3.13
2025-02-19T12:47:00+00:00,3.14
2025-02-19T17:46:00+00:00,3.13
2025-02-19T17:16:00+00:00,3.14
2025-02-19T19:51:00+00:00,3.12
2025-02-19T19:48:00+00:00,3.13
2025-02-19T19:46:00+00:00,3.14
2025-02-19T21:46:00+00:00,3.14
2025-02-19T22:18:00+00:00,3.12
2025-02-19T22:16:00+00:00,3.13
2025-02-20T02:16:00+00:00,3.14
2025-02-20T04:42:00+00:00,3.14
2025-02-20T05:36:00+00:00,3.13
2025-02-20T06:25:00+00:00,3.12
2025-02-20T07:18:00+00:00,3.13
2025-02-20T07:46:00+00:00,3.14
2025-02-20T08:18:00+00:00,3.12
2025-02-20T08:16:00+00:00,3.13
2025-02-20T11:18:00+00:00,3.13
2025-02-20T11:16:00+00:00,3.14
2025-02-20T13:46:00+00:00,3.12
2025-02-20T13:18:00+00:00,3.13
2025-02-20T13:16:00+00:00,3.14
2025-02-20T14:49:00+00:00,3.12
2025-02-20T14:46:00+00:00,3.13
2025-02-20T14:16:00+00:00,3.14
2025-02-20T15:51:00+00:00,3.12
2025-02-20T15:49:00+00:00,3.13
2025-02-20T15:46:00+00:00,3.14
2025-02-20T16:21:00+00:00,3.12
2025-02-20T16:46:00+00:00,3.13
2025-02-20T16:16:00+00:00,3.14
2025-02-20T23:46:00+00:00,3.12
2025-02-21T04:42:00+00:00,3.14
2025-02-21T05:35:00+00:00,3.13
2025-02-21T06:29:00+00:00,3.12
2025-02-21T07:17:00+00:00,3.14
2025-02-21T13:20:00+00:00,3.13
2025-02-21T13:17:00+00:00,3.14
2025-02-21T14:16:00+00:00,3.14
2025-02-21T15:16:00+00:00,3.13
2025-02-21T15:47:00+00:00,3.14
2025-02-21T16:16:00+00:00,3.14
2025-02-21T17:52:00+00:00,3.12
2025-02-21T17:50:00+00:00,3.13
2025-02-21T17:47:00+00:00,3.14
2025-02-21T18:19:00+00:00,3.13
2025-02-21T18:16:00+00:00,3.14
2025-02-22T01:50:00+00:00,3.12
2025-02-22T01:48:00+00:00,3.13
2025-02-22T01:46:00+00:00,3.14
2025-02-22T02:21:00+00:00,3.12
2025-02-22T02:18:00+00:00,3.13
2025-02-22T02:16:00+00:00,3.14
2025-02-22T04:42:00+00:00,3.14
2025-02-22T05:33:00+00:00,3.13
2025-02-22T06:21:00+00:00,3.12
2025-02-22T08:50:00+00:00,3.12
2025-02-22T08:48:00+00:00,3.13
2025-02-22T08:46:00+00:00,3.14
2025-02-22T16:21:00+00:00,3.12
2025-02-22T16:18:00+00:00,3.13
2025-02-22T16:16:00+00:00,3.14
2025-02-22T18:46:00+00:00,3.12
2025-02-22T18:18:00+00:00,3.13
2025-02-22T18:16:00+00:00,3.14
2025-02-22T21:16:00+00:00,3.12
2025-02-23T04:42:00+00:00,3.14
2025-02-23T05:33:00+00:00,3.13
2025-02-23T06:24:00+00:00,3.12
2025-02-23T09:47:00+00:00,3.14
2025-02-23T16:16:00+00:00,3.14
2025-02-23T19:46:00+00:00,3.14
2025-02-23T20:16:00+00:00,3.14
2025-02-23T21:46:00+00:00,3.14
2025-02-24T00:16:00+00:00,3.14
2025-02-24T00:47:00+00:00,3.14
2025-02-24T02:16:00+00:00,3.14
2025-02-24T03:16:00+00:00,3.13
2025-02-24T04:18:00+00:00,3.12
2025-02-24T04:16:00+00:00,3.13
2025-02-24T04:42:00+00:00,3.14
2025-02-24T05:46:00+00:00,3.13
2025-02-24T06:18:00+00:00,3.12
2025-02-24T08:46:00+00:00,3.13
2025-02-24T10:46:00+00:00,3.14
2025-02-24T12:46:00+00:00,3.14
2025-02-24T14:20:00+00:00,3.12
2025-02-24T14:18:00+00:00,3.13
2025-02-24T14:46:00+00:00,3.14
2025-02-24T15:16:00+00:00,3.14
2025-02-24T16:18:00+00:00,3.12
2025-02-24T16:16:00+00:00,3.13
2025-02-24T19:16:00+00:00,3.14
2025-02-25T02:46:00+00:00,3.14
2025-02-25T04:42:00+00:00,3.14
2025-02-25T05:37:00+00:00,3.13
2025-02-25T06:36:00+00:00,3.12
2025-02-25T07:46:00+00:00,3.13
2025-02-25T07:17:00+00:00,3.14
2025-02-25T09:47:00+00:00,3.14
2025-02-25T10:16:00+00:00,3.14
2025-02-25T11:46:00+00:00,3.12
2025-02-25T12:47:00+00:00,3.14
2025-02-25T13:51:00+00:00,3.12
2025-02-25T13:47:00+00:00,3.13
2025-02-25T15:46:00+00:00,3.14
2025-02-25T21:16:00+00:00,3.14
2025-02-25T23:16:00+00:00,3.13
2025-02-26T04:42:00+00:00,3.14
2025-02-26T05:33:00+00:00,3.13
2025-02-26T06:21:00+00:00,3.12
2025-02-26T08:46:00+00:00,3.14
2025-02-26T09:46:00+00:00,3.12
2025-02-26T09:16:00+00:00,3.13
2025-02-26T10:18:00+00:00,3.12
2025-02-26T10:16:00+00:00,3.13
2025-02-26T11:46:00+00:00,3.14
2025-02-26T12:16:00+00:00,3.14
2025-02-26T13:16:00+00:00,3.12
2025-02-26T14:46:00+00:00,3.14
2025-02-26T15:46:00+00:00,3.12
2025-02-26T20:16:00+00:00,3.14
2025-02-26T21:16:00+00:00,3.14
2025-02-27T04:42:00+00:00,3.14
2025-02-27T05:35:00+00:00,3.13
2025-02-27T06:30:00+00:00,3.12
2025-02-27T09:46:00+00:00,3.14
2025-02-27T13:17:00+00:00,3.14
2025-02-27T14:49:00+00:00,3.12
2025-02-27T14:46:00+00:00,3.13
2025-02-27T14:16:00+00:00,3.14
2025-02-27T15:47:00+00:00,3.12
2025-02-27T15:16:00+00:00,3.14
2025-02-27T16:16:00+00:00,3.14
2025-02-27T18:49:00+00:00,3.12
2025-02-27T18:47:00+00:00,3.13
2025-02-27T19:16:00+00:00,3.14
2025-02-27T21:49:00+00:00,3.12
2025-02-27T21:46:00+00:00,3.13
2025-02-27T22:16:00+00:00,3.12
2025-02-27T23:47:00+00:00,3.14
2025-02-28T03:16:00+00:00,3.13
2025-02-28T04:42:00+00:00,3.14
2025-02-28T05:36:00+00:00,3.13
2025-02-28T06:27:00+00:00,3.12
2025-02-28T08:48:00+00:00,3.12
2025-02-28T08:46:00+00:00,3.13
2025-02-28T08:16:00+00:00,3.14
2025-02-28T14:46:00+00:00,3.14
2025-02-28T15:16:00+00:00,3.14
2025-02-28T16:16:00+00:00,3.14
2025-02-28T18:16:00+00:00,3.14
2025-02-28T19:46:00+00:00,3.14
2025-02-28T20:46:00+00:00,3.14
2025-02-28T22:16:00+00:00,3.14
2025-03-01T04:42:00+00:00,3.14
2025-03-01T05:37:00+00:00,3.13
2025-03-01T06:36:00+00:00,3.12
2025-03-01T11:17:00+00:00,3.14
2025-03-01T18:19:00+00:00,3.12
2025-03-01T18:16:00+00:00,3.13
2025-03-01T20:53:00+00:00,3.12
2025-03-01T20:50:00+00:00,3.13
2025-03-01T20:47:00+00:00,3.14
2025-03-02T04:42:00+00:00,3.14
2025-03-02T05:37:00+00:00,3.13
2025-03-02T06:27:00+00:00,3.12
2025-03-02T09:46:00+00:00,3.14
2025-03-02T10:48:00+00:00,3.12
2025-03-02T10:46:00+00:00,3.13
2025-03-02T10:16:00+00:00,3.14
2025-03-02T11:49:00+00:00,3.12
2025-03-02T11:16:00+00:00,3.13
2025-03-02T11:46:00+00:00,3.14
2025-03-02T13:16:00+00:00,3.14
2025-03-02T17:49:00+00:00,3.13
2025-03-02T17:46:00+00:00,3.14
2025-03-02T20:16:00+00:00,3.12
2025-03-02T20:46:00+00:00,3.13
2025-03-02T21:46:00+00:00,3.14
2025-03-03T02:16:00+00:00,3.14
2025-03-03T04:42:00+00:00,3.14
2025-03-03T05:43:00+00:00,3.13
2025-03-03T06:53:00+00:00,3.12
2025-03-03T08:52:00+00:00,3.12
2025-03-03T08:49:00+00:00,3.13
2025-03-03T08:46:00+00:00,3.14
2025-03-03T10:23:00+00:00,3.12
2025-03-03T10:20:00+00:00,3.13
2025-03-03T10:17:00+00:00,3.14
2025-03-03T12:16:00+00:00,3.13
2025-03-03T14:22:00+00:00,3.12
2025-03-03T14:19:00+00:00,3.13
2025-03-03T14:17:00+00:00,3.14
2025-03-03T15:49:00+00:00,3.12
2025-03-03T15:47:00+00:00,3.13
2025-03-03T16:16:00+00:00,3.13
2025-03-03T17:17:00+00:00,3.14
2025-03-03T23:17:00+00:00,3.14
2025-03-04T04:42:00+00:00,3.14
2025-03-04T05:46:00+00:00,3.13
2025-03-04T06:45:00+00:00,3.12
2025-03-04T09:46:00+00:00,3.12
2025-03-04T10:16:00+00:00,3.14
2025-03-04T13:16:00+00:00,3.14
2025-03-04T15:49:00+00:00,3.12
2025-03-04T15:46:00+00:00,3.13
2025-03-04T15:16:00+00:00,3.14
2025-03-04T16:46:00+00:00,3.14
2025-03-04T19:46:00+00:00,3.14
2025-03-04T20:46:00+00:00,3.14
2025-03-04T21:46:00+00:00,3.14
2025-03-04T22:16:00+00:00,3.14
2025-03-04T23:46:00+00:00,3.13
2025-03-04T23:16:00+00:00,3.14
2025-03-05T00:51:00+00:00,3.12
2025-03-05T00:49:00+00:00,3.13
2025-03-05T00:46:00+00:00,3.14
2025-03-05T04:42:00+00:00,3.14
2025-03-05T05:42:00+00:00,3.13
2025-03-05T06:53:00+00:00,3.12
2025-03-05T11:16:00+00:00,3.14
2025-03-05T14:17:00+00:00,3.14
2025-03-05T15:51:00+00:00,3.12
2025-03-05T15:48:00+00:00,3.13
2025-03-05T15:46:00+00:00,3.14
2025-03-05T17:49:00+00:00,3.12
2025-03-05T17:47:00+00:00,3.13
2025-03-05T20:49:00+00:00,3.13
2025-03-05T20:46:00+00:00,3.14
2025-03-05T22:46:00+00:00,3.14
2025-03-05T23:17:00+00:00,3.14
2025-03-06T04:47:00+00:00,3.14
2025-03-06T05:45:00+00:00,3.13
